Event;Timestamp;RightControllerPosWorldX;RightControllerPosWorldZ
Sample;2021-06-28 13:50:30.0660;0.0451;0.2891
Sample;2021-06-28 13:50:30.0989;0.0443;0.2892
Sample;2021-06-28 13:50:30.1139;0.0435;0.2894
Sample;2021-06-28 13:50:30.1249;0.0435;0.2892
Sample;2021-06-28 13:50:30.1418;0.0432;0.2893
Sample;2021-06-28 13:50:30.1528;0.0430;0.2892
Sample;2021-06-28 13:50:30.1727;0.0430;0.2893
Sample;2021-06-28 13:50:30.1897;0.0433;0.2892
Sample;2021-06-28 13:50:30.2037;0.0435;0.2891
Sample;2021-06-28 13:50:30.2236;0.0444;0.2890
Sample;2021-06-28 13:50:30.2366;0.0448;0.2894
Sample;2021-06-28 13:50:30.2560;0.0456;0.2897
Sample;2021-06-28 13:50:30.2680;0.0461;0.2900
Sample;2021-06-28 13:50:30.2800;0.0466;0.2905
Sample;2021-06-28 13:50:30.2999;0.0473;0.2910
Sample;2021-06-28 13:50:30.3129;0.0476;0.2912
Sample;2021-06-28 13:50:30.3249;0.0481;0.2911
Sample;2021-06-28 13:50:30.3458;0.0485;0.2915
Sample;2021-06-28 13:50:30.3588;0.0484;0.2916
Sample;2021-06-28 13:50:30.3697;0.0482;0.2915
Sample;2021-06-28 13:50:30.3947;0.0480;0.2915
Sample;2021-06-28 13:50:30.4076;0.0479;0.2914
Sample;2021-06-28 13:50:30.4194;0.0475;0.2911
Sample;2021-06-28 13:50:30.4324;0.0473;0.2911
Sample;2021-06-28 13:50:30.4413;0.0473;0.2914
Sample;2021-06-28 13:50:30.4563;0.0472;0.2913
Sample;2021-06-28 13:50:30.4693;0.0471;0.2912
Sample;2021-06-28 13:50:30.4812;0.0470;0.2912
Sample;2021-06-28 13:50:30.4942;0.0471;0.2911
Sample;2021-06-28 13:50:30.5102;0.0475;0.2909
Sample;2021-06-28 13:50:30.5221;0.0476;0.2908
Sample;2021-06-28 13:50:30.5341;0.0478;0.2907
Sample;2021-06-28 13:50:30.5461;0.0479;0.2906
Sample;2021-06-28 13:50:30.5560;0.0479;0.2906
Sample;2021-06-28 13:50:30.5680;0.0479;0.2905
Sample;2021-06-28 13:50:30.5840;0.0480;0.2904
Sample;2021-06-28 13:50:30.6009;0.0483;0.2901
Sample;2021-06-28 13:50:30.6149;0.0484;0.2900
Sample;2021-06-28 13:50:30.6298;0.0484;0.2897
Sample;2021-06-28 13:50:30.6468;0.0479;0.2893
Sample;2021-06-28 13:50:30.6568;0.0475;0.2892
Sample;2021-06-28 13:50:30.6717;0.0472;0.2890
Sample;2021-06-28 13:50:30.6827;0.0469;0.2888
Sample;2021-06-28 13:50:30.7006;0.0469;0.2883
Sample;2021-06-28 13:50:30.7156;0.0471;0.2879
Sample;2021-06-28 13:50:30.7296;0.0472;0.2875
Sample;2021-06-28 13:50:30.7445;0.0474;0.2870
Sample;2021-06-28 13:50:30.7615;0.0477;0.2867
Sample;2021-06-28 13:50:30.7725;0.0479;0.2866
Sample;2021-06-28 13:50:30.7904;0.0484;0.2863
Sample;2021-06-28 13:50:30.8034;0.0490;0.2858
Sample;2021-06-28 13:50:30.8163;0.0496;0.2854
Sample;2021-06-28 13:50:30.8253;0.0504;0.2847
Sample;2021-06-28 13:50:30.8443;0.0514;0.2840
Sample;2021-06-28 13:50:30.8552;0.0519;0.2836
Sample;2021-06-28 13:50:30.8662;0.0526;0.2833
Sample;2021-06-28 13:50:30.8812;0.0534;0.2833
Sample;2021-06-28 13:50:30.9001;0.0544;0.2833
Sample;2021-06-28 13:50:30.9111;0.0566;0.2838
Sample;2021-06-28 13:50:30.9241;0.0582;0.2838
Sample;2021-06-28 13:50:30.9360;0.0597;0.2841
Sample;2021-06-28 13:50:30.9465;0.0611;0.2842
Sample;2021-06-28 13:50:30.9565;0.0627;0.2840
Sample;2021-06-28 13:50:30.9684;0.0642;0.2845
Sample;2021-06-28 13:50:30.9784;0.0655;0.2845
Sample;2021-06-28 13:50:30.9944;0.0669;0.2844
Sample;2021-06-28 13:50:31.0083;0.0680;0.2842
Sample;2021-06-28 13:50:31.0243;0.0701;0.2842
Sample;2021-06-28 13:50:31.0378;0.0712;0.2842
Sample;2021-06-28 13:50:31.0577;0.0720;0.2841
Sample;2021-06-28 13:50:31.0725;0.0740;0.2835
Sample;2021-06-28 13:50:31.0855;0.0749;0.2832
Sample;2021-06-28 13:50:31.1006;0.0762;0.2826
Sample;2021-06-28 13:50:31.1136;0.0770;0.2823
Sample;2021-06-28 13:50:31.1265;0.0779;0.2816
Sample;2021-06-28 13:50:31.1395;0.0785;0.2812
Sample;2021-06-28 13:50:31.1515;0.0791;0.2808
Sample;2021-06-28 13:50:31.1724;0.0804;0.2798
Sample;2021-06-28 13:50:31.1847;0.0810;0.2794
Sample;2021-06-28 13:50:31.2017;0.0826;0.2782
Sample;2021-06-28 13:50:31.2167;0.0834;0.2776
Sample;2021-06-28 13:50:31.2306;0.0841;0.2769
Sample;2021-06-28 13:50:31.2486;0.0854;0.2758
Sample;2021-06-28 13:50:31.2645;0.0859;0.2754
Sample;2021-06-28 13:50:31.2815;0.0869;0.2741
Sample;2021-06-28 13:50:31.2955;0.0875;0.2735
Sample;2021-06-28 13:50:31.3084;0.0882;0.2728
Sample;2021-06-28 13:50:31.3261;0.0895;0.2714
Sample;2021-06-28 13:50:31.3401;0.0900;0.2709
Sample;2021-06-28 13:50:31.3530;0.0905;0.2703
Sample;2021-06-28 13:50:31.3710;0.0913;0.2694
Sample;2021-06-28 13:50:31.3860;0.0916;0.2689
Sample;2021-06-28 13:50:31.3989;0.0919;0.2683
Sample;2021-06-28 13:50:31.4174;0.0924;0.2673
Sample;2021-06-28 13:50:31.4334;0.0928;0.2668
Sample;2021-06-28 13:50:31.4454;0.0930;0.2663
Sample;2021-06-28 13:50:31.4623;0.0934;0.2653
Sample;2021-06-28 13:50:31.4743;0.0934;0.2649
Sample;2021-06-28 13:50:31.4853;0.0934;0.2644
Sample;2021-06-28 13:50:31.4992;0.0931;0.2637
Sample;2021-06-28 13:50:31.5152;0.0922;0.2621
Sample;2021-06-28 13:50:31.5291;0.0918;0.2613
Sample;2021-06-28 13:50:31.5441;0.0914;0.2604
Sample;2021-06-28 13:50:31.5611;0.0905;0.2585
Sample;2021-06-28 13:50:31.5790;0.0900;0.2574
Sample;2021-06-28 13:50:31.5870;0.0896;0.2563
Sample;2021-06-28 13:50:31.6069;0.0888;0.2538
Sample;2021-06-28 13:50:31.6179;0.0885;0.2526
Sample;2021-06-28 13:50:31.6289;0.0883;0.2512
Sample;2021-06-28 13:50:31.6399;0.0881;0.2499
Sample;2021-06-28 13:50:31.6538;0.0880;0.2487
Sample;2021-06-28 13:50:31.6698;0.0880;0.2476
Sample;2021-06-28 13:50:31.6827;0.0878;0.2455
Sample;2021-06-28 13:50:31.6957;0.0879;0.2446
Sample;2021-06-28 13:50:31.7067;0.0878;0.2437
Sample;2021-06-28 13:50:31.7166;0.0881;0.2429
Sample;2021-06-28 13:50:31.7326;0.0884;0.2423
Sample;2021-06-28 13:50:31.7426;0.0887;0.2415
Sample;2021-06-28 13:50:31.7635;0.0896;0.2401
Sample;2021-06-28 13:50:31.7735;0.0901;0.2394
Sample;2021-06-28 13:50:31.7845;0.0909;0.2387
Sample;2021-06-28 13:50:31.7994;0.0917;0.2380
Sample;2021-06-28 13:50:31.8164;0.0934;0.2367
Sample;2021-06-28 13:50:31.8264;0.0946;0.2361
Sample;2021-06-28 13:50:31.8404;0.0957;0.2356
Sample;2021-06-28 13:50:31.8568;0.0968;0.2350
Sample;2021-06-28 13:50:31.8707;0.0982;0.2343
Sample;2021-06-28 13:50:31.8857;0.1012;0.2331
Sample;2021-06-28 13:50:31.8996;0.1028;0.2326
Sample;2021-06-28 13:50:31.9096;0.1045;0.2321
Sample;2021-06-28 13:50:31.9272;0.1070;0.2315
Sample;2021-06-28 13:50:31.9432;0.1099;0.2308
Sample;2021-06-28 13:50:31.9561;0.1117;0.2304
Sample;2021-06-28 13:50:31.9681;0.1135;0.2302
Sample;2021-06-28 13:50:31.9840;0.1169;0.2295
Sample;2021-06-28 13:50:32.0000;0.1185;0.2294
Sample;2021-06-28 13:50:32.0120;0.1201;0.2294
Sample;2021-06-28 13:50:32.0359;0.1231;0.2295
Sample;2021-06-28 13:50:32.0469;0.1247;0.2297
Sample;2021-06-28 13:50:32.0638;0.1271;0.2303
Sample;2021-06-28 13:50:32.0738;0.1283;0.2304
Sample;2021-06-28 13:50:32.0848;0.1295;0.2306
Sample;2021-06-28 13:50:32.1007;0.1305;0.2309
Sample;2021-06-28 13:50:32.1227;0.1314;0.2312
Sample;2021-06-28 13:50:32.1346;0.1333;0.2314
Sample;2021-06-28 13:50:32.1476;0.1342;0.2317
Sample;2021-06-28 13:50:32.1626;0.1357;0.2323
Sample;2021-06-28 13:50:32.1785;0.1363;0.2326
Sample;2021-06-28 13:50:32.1955;0.1371;0.2335
Sample;2021-06-28 13:50:32.2134;0.1376;0.2341
Sample;2021-06-28 13:50:32.2246;0.1378;0.2346
Sample;2021-06-28 13:50:32.2466;0.1383;0.2353
Sample;2021-06-28 13:50:32.2616;0.1385;0.2355
Sample;2021-06-28 13:50:32.2765;0.1390;0.2359
Sample;2021-06-28 13:50:32.2875;0.1392;0.2361
Sample;2021-06-28 13:50:32.3025;0.1394;0.2363
Sample;2021-06-28 13:50:32.3251;0.1396;0.2368
Sample;2021-06-28 13:50:32.3360;0.1398;0.2372
Sample;2021-06-28 13:50:32.3520;0.1401;0.2377
Sample;2021-06-28 13:50:32.3630;0.1402;0.2380
Sample;2021-06-28 13:50:32.3854;0.1402;0.2382
Sample;2021-06-28 13:50:32.3972;0.1400;0.2386
Sample;2021-06-28 13:50:32.4161;0.1395;0.2395
Sample;2021-06-28 13:50:32.4291;0.1391;0.2398
Sample;2021-06-28 13:50:32.4444;0.1382;0.2404
Sample;2021-06-28 13:50:32.4563;0.1375;0.2403
Sample;2021-06-28 13:50:32.4693;0.1369;0.2405
Sample;2021-06-28 13:50:32.4873;0.1355;0.2403
Sample;2021-06-28 13:50:32.5032;0.1345;0.2400
Sample;2021-06-28 13:50:32.5132;0.1337;0.2400
Sample;2021-06-28 13:50:32.5351;0.1317;0.2401
Sample;2021-06-28 13:50:32.5451;0.1306;0.2402
Sample;2021-06-28 13:50:32.5561;0.1294;0.2404
Sample;2021-06-28 13:50:32.5660;0.1282;0.2406
Sample;2021-06-28 13:50:32.5770;0.1270;0.2410
Sample;2021-06-28 13:50:32.5880;0.1257;0.2412
Sample;2021-06-28 13:50:32.6039;0.1244;0.2414
Sample;2021-06-28 13:50:32.6169;0.1230;0.2417
Sample;2021-06-28 13:50:32.6319;0.1206;0.2423
Sample;2021-06-28 13:50:32.6464;0.1194;0.2426
Sample;2021-06-28 13:50:32.6584;0.1182;0.2428
Sample;2021-06-28 13:50:32.6683;0.1169;0.2432
Sample;2021-06-28 13:50:32.6883;0.1142;0.2439
Sample;2021-06-28 13:50:32.7062;0.1129;0.2442
Sample;2021-06-28 13:50:32.7182;0.1117;0.2444
Sample;2021-06-28 13:50:32.7322;0.1095;0.2448
Sample;2021-06-28 13:50:32.7451;0.1087;0.2450
Sample;2021-06-28 13:50:32.7581;0.1081;0.2450
Sample;2021-06-28 13:50:32.7681;0.1074;0.2451
Sample;2021-06-28 13:50:32.7900;0.1065;0.2456
Sample;2021-06-28 13:50:32.8020;0.1062;0.2458
Sample;2021-06-28 13:50:32.8239;0.1063;0.2458
Sample;2021-06-28 13:50:32.8339;0.1072;0.2450
Sample;2021-06-28 13:50:32.8444;0.1079;0.2446
Sample;2021-06-28 13:50:32.8544;0.1092;0.2441
Sample;2021-06-28 13:50:32.8683;0.1101;0.2435
Sample;2021-06-28 13:50:32.8803;0.1111;0.2430
Sample;2021-06-28 13:50:32.8953;0.1123;0.2424
Sample;2021-06-28 13:50:32.9072;0.1133;0.2413
Sample;2021-06-28 13:50:32.9232;0.1162;0.2392
Sample;2021-06-28 13:50:32.9361;0.1177;0.2376
Sample;2021-06-28 13:50:32.9481;0.1196;0.2362
Sample;2021-06-28 13:50:32.9641;0.1215;0.2350
Sample;2021-06-28 13:50:32.9790;0.1255;0.2323
Sample;2021-06-28 13:50:32.9920;0.1279;0.2314
Sample;2021-06-28 13:50:33.0060;0.1305;0.2304
Sample;2021-06-28 13:50:33.0189;0.1333;0.2293
Sample;2021-06-28 13:50:33.0379;0.1394;0.2262
Sample;2021-06-28 13:50:33.0528;0.1430;0.2245
Sample;2021-06-28 13:50:33.0678;0.1464;0.2226
Sample;2021-06-28 13:50:33.0818;0.1544;0.2193
Sample;2021-06-28 13:50:33.0947;0.1582;0.2173
Sample;2021-06-28 13:50:33.1147;0.1657;0.2141
Sample;2021-06-28 13:50:33.1266;0.1694;0.2120
Sample;2021-06-28 13:50:33.1416;0.1730;0.2102
Sample;2021-06-28 13:50:33.1566;0.1764;0.2082
Sample;2021-06-28 13:50:33.1755;0.1823;0.2040
Sample;2021-06-28 13:50:33.1875;0.1851;0.2022
Sample;2021-06-28 13:50:33.2024;0.1907;0.1985
Sample;2021-06-28 13:50:33.2184;0.1932;0.1968
Sample;2021-06-28 13:50:33.2334;0.1956;0.1950
Sample;2021-06-28 13:50:33.2473;0.2005;0.1920
Sample;2021-06-28 13:50:33.2593;0.2030;0.1903
Sample;2021-06-28 13:50:33.2722;0.2054;0.1888
Sample;2021-06-28 13:50:33.2852;0.2078;0.1874
Sample;2021-06-28 13:50:33.3091;0.2131;0.1849
Sample;2021-06-28 13:50:33.3216;0.2157;0.1837
Sample;2021-06-28 13:50:33.3365;0.2214;0.1816
Sample;2021-06-28 13:50:33.3535;0.2239;0.1808
Sample;2021-06-28 13:50:33.3664;0.2265;0.1798
Sample;2021-06-28 13:50:33.3824;0.2304;0.1786
Sample;2021-06-28 13:50:33.3944;0.2324;0.1776
Sample;2021-06-28 13:50:33.4103;0.2337;0.1769
Sample;2021-06-28 13:50:33.4233;0.2347;0.1762
Sample;2021-06-28 13:50:33.4392;0.2358;0.1748
Sample;2021-06-28 13:50:33.4522;0.2362;0.1742
Sample;2021-06-28 13:50:33.4732;0.2361;0.1733
Sample;2021-06-28 13:50:33.4854;0.2354;0.1712
Sample;2021-06-28 13:50:33.4996;0.2343;0.1697
Sample;2021-06-28 13:50:33.5161;0.2338;0.1701
Sample;2021-06-28 13:50:33.5340;0.2334;0.1696
Sample;2021-06-28 13:50:33.5485;0.2329;0.1702
Sample;2021-06-28 13:50:33.5615;0.2313;0.1710
Sample;2021-06-28 13:50:33.5743;0.2309;0.1717
Sample;2021-06-28 13:50:33.5883;0.2305;0.1720
Sample;2021-06-28 13:50:33.6036;0.2302;0.1725
Sample;2021-06-28 13:50:33.6208;0.2296;0.1726
Sample;2021-06-28 13:50:33.6348;0.2290;0.1728
Sample;2021-06-28 13:50:33.6501;0.2270;0.1737
Sample;2021-06-28 13:50:33.6702;0.2258;0.1742
Sample;2021-06-28 13:50:33.6842;0.2248;0.1747
Sample;2021-06-28 13:50:33.6983;0.2224;0.1752
Sample;2021-06-28 13:50:33.7099;0.2218;0.1751
Sample;2021-06-28 13:50:33.7280;0.2211;0.1736
Sample;2021-06-28 13:50:33.7400;0.2209;0.1738
Sample;2021-06-28 13:50:33.7559;0.2210;0.1732
Sample;2021-06-28 13:50:33.7739;0.2204;0.1730
Sample;2021-06-28 13:50:33.7908;0.2199;0.1730
Sample;2021-06-28 13:50:33.8038;0.2195;0.1725
Sample;2021-06-28 13:50:33.8218;0.2187;0.1721
Sample;2021-06-28 13:50:33.8387;0.2182;0.1715
Sample;2021-06-28 13:50:33.8537;0.2179;0.1714
Sample;2021-06-28 13:50:33.8676;0.2178;0.1713
Sample;2021-06-28 13:50:33.8856;0.2175;0.1709
Sample;2021-06-28 13:50:33.8985;0.2174;0.1707
Sample;2021-06-28 13:50:33.9155;0.2173;0.1705
Sample;2021-06-28 13:50:33.9275;0.2172;0.1702
Sample;2021-06-28 13:50:33.9424;0.2171;0.1698
Sample;2021-06-28 13:50:33.9544;0.2170;0.1697
Sample;2021-06-28 13:50:33.9684;0.2169;0.1697
Sample;2021-06-28 13:50:33.9873;0.2170;0.1698
Sample;2021-06-28 13:50:33.9993;0.2170;0.1698
Sample;2021-06-28 13:50:34.0103;0.2170;0.1697
Sample;2021-06-28 13:50:34.0352;0.2172;0.1695
Sample;2021-06-28 13:50:34.0481;0.2174;0.1696
Sample;2021-06-28 13:50:34.0621;0.2177;0.1699
Sample;2021-06-28 13:50:34.0771;0.2181;0.1703
Sample;2021-06-28 13:50:34.0910;0.2181;0.1707
Sample;2021-06-28 13:50:34.1088;0.2184;0.1711
Sample;2021-06-28 13:50:34.1227;0.2184;0.1715
Sample;2021-06-28 13:50:34.1347;0.2185;0.1716
Sample;2021-06-28 13:50:34.1627;0.2189;0.1722
Sample;2021-06-28 13:50:34.1756;0.2190;0.1724
Sample;2021-06-28 13:50:34.1906;0.2193;0.1726
Sample;2021-06-28 13:50:34.2026;0.2193;0.1728
Sample;2021-06-28 13:50:34.2224;0.2193;0.1734
Sample;2021-06-28 13:50:34.2342;0.2193;0.1736
Sample;2021-06-28 13:50:34.2481;0.2195;0.1740
Sample;2021-06-28 13:50:34.2681;0.2196;0.1742
Sample;2021-06-28 13:50:34.2860;0.2197;0.1742
Sample;2021-06-28 13:50:34.2980;0.2198;0.1743
Sample;2021-06-28 13:50:34.3130;0.2199;0.1742
Sample;2021-06-28 13:50:34.3319;0.2202;0.1741
Sample;2021-06-28 13:50:34.3469;0.2203;0.1739
Sample;2021-06-28 13:50:34.3588;0.2203;0.1740
Sample;2021-06-28 13:50:34.3758;0.2206;0.1743
Sample;2021-06-28 13:50:34.3887;0.2206;0.1743
Sample;2021-06-28 13:50:34.4065;0.2207;0.1744
Sample;2021-06-28 13:50:34.4204;0.2209;0.1746
Sample;2021-06-28 13:50:34.4304;0.2210;0.1748
Sample;2021-06-28 13:50:34.4414;0.2210;0.1749
Sample;2021-06-28 13:50:34.4563;0.2211;0.1752
Sample;2021-06-28 13:50:34.4673;0.2211;0.1754
Sample;2021-06-28 13:50:34.4803;0.2211;0.1757
Sample;2021-06-28 13:50:34.4962;0.2210;0.1765
Sample;2021-06-28 13:50:34.5082;0.2210;0.1768
Sample;2021-06-28 13:50:34.5242;0.2209;0.1770
Sample;2021-06-28 13:50:34.5431;0.2209;0.1772
Sample;2021-06-28 13:50:34.5575;0.2208;0.1776
Sample;2021-06-28 13:50:34.5685;0.2208;0.1779
Sample;2021-06-28 13:50:34.5824;0.2208;0.1781
Sample;2021-06-28 13:50:34.5954;0.2207;0.1783
Sample;2021-06-28 13:50:34.6094;0.2205;0.1785
Sample;2021-06-28 13:50:34.6243;0.2205;0.1786
Sample;2021-06-28 13:50:34.6373;0.2204;0.1787
Sample;2021-06-28 13:50:34.6602;0.2203;0.1789
Sample;2021-06-28 13:50:34.6722;0.2203;0.1790
Sample;2021-06-28 13:50:34.6892;0.2203;0.1792
Sample;2021-06-28 13:50:34.7061;0.2204;0.1794
Sample;2021-06-28 13:50:34.7171;0.2204;0.1795
Sample;2021-06-28 13:50:34.7301;0.2204;0.1800
Sample;2021-06-28 13:50:34.7470;0.2205;0.1801
Sample;2021-06-28 13:50:34.7610;0.2206;0.1802
Sample;2021-06-28 13:50:34.7789;0.2206;0.1805
Sample;2021-06-28 13:50:34.7909;0.2206;0.1807
Sample;2021-06-28 13:50:34.8049;0.2206;0.1810
Sample;2021-06-28 13:50:34.8228;0.2204;0.1813
Sample;2021-06-28 13:50:34.8358;0.2203;0.1815
Sample;2021-06-28 13:50:34.8535;0.2199;0.1819
Sample;2021-06-28 13:50:34.8705;0.2197;0.1820
Sample;2021-06-28 13:50:34.8805;0.2195;0.1820
Sample;2021-06-28 13:50:34.8944;0.2194;0.1821
Sample;2021-06-28 13:50:34.9114;0.2189;0.1822
Sample;2021-06-28 13:50:34.9253;0.2187;0.1822
Sample;2021-06-28 13:50:34.9383;0.2185;0.1824
Sample;2021-06-28 13:50:34.9493;0.2183;0.1824
Sample;2021-06-28 13:50:34.9642;0.2180;0.1822
Sample;2021-06-28 13:50:34.9762;0.2180;0.1819
Sample;2021-06-28 13:50:34.9942;0.2180;0.1818
Sample;2021-06-28 13:50:35.0111;0.2182;0.1816
Sample;2021-06-28 13:50:35.0231;0.2192;0.1814
Sample;2021-06-28 13:50:35.0351;0.2204;0.1814
Sample;2021-06-28 13:50:35.0460;0.2217;0.1817
Sample;2021-06-28 13:50:35.0580;0.2239;0.1818
Sample;2021-06-28 13:50:35.0670;0.2261;0.1822
Sample;2021-06-28 13:50:35.0799;0.2285;0.1815
Sample;2021-06-28 13:50:35.0929;0.2311;0.1803
Sample;2021-06-28 13:50:35.1158;0.2378;0.1771
Sample;2021-06-28 13:50:35.1308;0.2412;0.1758
Sample;2021-06-28 13:50:35.1468;0.2514;0.1718
Sample;2021-06-28 13:50:35.1597;0.2562;0.1699
Sample;2021-06-28 13:50:35.1707;0.2621;0.1678
Sample;2021-06-28 13:50:35.1817;0.2684;0.1653
Sample;2021-06-28 13:50:35.1986;0.2820;0.1594
Sample;2021-06-28 13:50:35.2123;0.2887;0.1562
Sample;2021-06-28 13:50:35.2240;0.2954;0.1526
Sample;2021-06-28 13:50:35.2399;0.3026;0.1488
Sample;2021-06-28 13:50:35.2499;0.3095;0.1446
Sample;2021-06-28 13:50:35.2669;0.3228;0.1358
Sample;2021-06-28 13:50:35.2788;0.3292;0.1310
Sample;2021-06-28 13:50:35.2938;0.3355;0.1263
Sample;2021-06-28 13:50:35.3147;0.3436;0.1196
Sample;2021-06-28 13:50:35.3257;0.3544;0.1109
Sample;2021-06-28 13:50:35.3357;0.3609;0.1056
Sample;2021-06-28 13:50:35.3467;0.3673;0.1002
Sample;2021-06-28 13:50:35.3646;0.3736;0.0949
Sample;2021-06-28 13:50:35.3756;0.3797;0.0898
Sample;2021-06-28 13:50:35.3905;0.3916;0.0795
Sample;2021-06-28 13:50:35.4008;0.3970;0.0751
Sample;2021-06-28 13:50:35.4153;0.4025;0.0703
Sample;2021-06-28 13:50:35.4253;0.4076;0.0658
Sample;2021-06-28 13:50:35.4343;0.4127;0.0614
Sample;2021-06-28 13:50:35.4472;0.4178;0.0572
Sample;2021-06-28 13:50:35.4572;0.4231;0.0532
Sample;2021-06-28 13:50:35.4692;0.4284;0.0491
Sample;2021-06-28 13:50:35.4851;0.4338;0.0455
Sample;2021-06-28 13:50:35.4941;0.4391;0.0422
Sample;2021-06-28 13:50:35.5051;0.4443;0.0391
Sample;2021-06-28 13:50:35.5141;0.4495;0.0357
Sample;2021-06-28 13:50:35.5250;0.4551;0.0328
Sample;2021-06-28 13:50:35.5350;0.4605;0.0296
Sample;2021-06-28 13:50:35.5470;0.4658;0.0263
Sample;2021-06-28 13:50:35.5579;0.4709;0.0231
Sample;2021-06-28 13:50:35.5689;0.4761;0.0197
Sample;2021-06-28 13:50:35.5799;0.4817;0.0164
Sample;2021-06-28 13:50:35.5918;0.4872;0.0133
Sample;2021-06-28 13:50:35.6088;0.4926;0.0100
Sample;2021-06-28 13:50:35.6218;0.4980;0.0070
Sample;2021-06-28 13:50:35.6387;0.5090;0.0009
Sample;2021-06-28 13:50:35.6517;0.5145;-0.0024
Sample;2021-06-28 13:50:35.6647;0.5195;-0.0058
Sample;2021-06-28 13:50:35.6766;0.5244;-0.0096
Sample;2021-06-28 13:50:35.6936;0.5338;-0.0160
Sample;2021-06-28 13:50:35.7105;0.5385;-0.0197
Sample;2021-06-28 13:50:35.7235;0.5436;-0.0231
Sample;2021-06-28 13:50:35.7434;0.5522;-0.0308
Sample;2021-06-28 13:50:35.7564;0.5564;-0.0344
Sample;2021-06-28 13:50:35.7714;0.5651;-0.0418
Sample;2021-06-28 13:50:35.7813;0.5694;-0.0450
Sample;2021-06-28 13:50:35.7993;0.5736;-0.0482
Sample;2021-06-28 13:50:35.8113;0.5776;-0.0518
Sample;2021-06-28 13:50:35.8282;0.5861;-0.0591
Sample;2021-06-28 13:50:35.8432;0.5899;-0.0630
Sample;2021-06-28 13:50:35.8631;0.5935;-0.0671
Sample;2021-06-28 13:50:35.8751;0.6010;-0.0754
Sample;2021-06-28 13:50:35.8871;0.6052;-0.0793
Sample;2021-06-28 13:50:35.9000;0.6091;-0.0832
Sample;2021-06-28 13:50:35.9160;0.6159;-0.0918
Sample;2021-06-28 13:50:35.9299;0.6186;-0.0961
Sample;2021-06-28 13:50:35.9429;0.6213;-0.1004
Sample;2021-06-28 13:50:35.9589;0.6243;-0.1042
Sample;2021-06-28 13:50:35.9748;0.6310;-0.1119
Sample;2021-06-28 13:50:35.9928;0.6339;-0.1154
Sample;2021-06-28 13:50:36.0057;0.6370;-0.1189
Sample;2021-06-28 13:50:36.0207;0.6436;-0.1259
Sample;2021-06-28 13:50:36.0367;0.6471;-0.1294
Sample;2021-06-28 13:50:36.0486;0.6504;-0.1328
Sample;2021-06-28 13:50:36.0621;0.6573;-0.1402
Sample;2021-06-28 13:50:36.0741;0.6605;-0.1438
Sample;2021-06-28 13:50:36.0890;0.6632;-0.1473
Sample;2021-06-28 13:50:36.1010;0.6654;-0.1506
Sample;2021-06-28 13:50:36.1239;0.6688;-0.1568
Sample;2021-06-28 13:50:36.1399;0.6695;-0.1591
Sample;2021-06-28 13:50:36.1539;0.6711;-0.1631
Sample;2021-06-28 13:50:36.1663;0.6719;-0.1649
Sample;2021-06-28 13:50:36.1783;0.6721;-0.1665
Sample;2021-06-28 13:50:36.1962;0.6716;-0.1690
Sample;2021-06-28 13:50:36.2102;0.6715;-0.1701
Sample;2021-06-28 13:50:36.2221;0.6712;-0.1713
Sample;2021-06-28 13:50:36.2401;0.6708;-0.1720
Sample;2021-06-28 13:50:36.2531;0.6698;-0.1736
Sample;2021-06-28 13:50:36.2695;0.6691;-0.1737
Sample;2021-06-28 13:50:36.2815;0.6686;-0.1737
Sample;2021-06-28 13:50:36.2974;0.6680;-0.1720
Sample;2021-06-28 13:50:36.3104;0.6677;-0.1715
Sample;2021-06-28 13:50:36.3244;0.6680;-0.1705
Sample;2021-06-28 13:50:36.3363;0.6680;-0.1694
Sample;2021-06-28 13:50:36.3533;0.6676;-0.1681
Sample;2021-06-28 13:50:36.3673;0.6673;-0.1675
Sample;2021-06-28 13:50:36.3812;0.6670;-0.1669
Sample;2021-06-28 13:50:36.3942;0.6670;-0.1661
Sample;2021-06-28 13:50:36.4082;0.6667;-0.1650
Sample;2021-06-28 13:50:36.4221;0.6665;-0.1642
Sample;2021-06-28 13:50:36.4341;0.6662;-0.1632
Sample;2021-06-28 13:50:36.4534;0.6661;-0.1619
Sample;2021-06-28 13:50:36.4673;0.6660;-0.1608
Sample;2021-06-28 13:50:36.4803;0.6658;-0.1601
Sample;2021-06-28 13:50:36.4933;0.6657;-0.1591
Sample;2021-06-28 13:50:36.5162;0.6657;-0.1563
Sample;2021-06-28 13:50:36.5292;0.6657;-0.1548
Sample;2021-06-28 13:50:36.5461;0.6659;-0.1516
Sample;2021-06-28 13:50:36.5591;0.6665;-0.1504
Sample;2021-06-28 13:50:36.5781;0.6671;-0.1485
Sample;2021-06-28 13:50:36.5940;0.6677;-0.1479
Sample;2021-06-28 13:50:36.6070;0.6674;-0.1475
Sample;2021-06-28 13:50:36.6229;0.6679;-0.1467
Sample;2021-06-28 13:50:36.6409;0.6680;-0.1464
Sample;2021-06-28 13:50:36.6529;0.6680;-0.1463
Sample;2021-06-28 13:50:36.6688;0.6680;-0.1459
Sample;2021-06-28 13:50:36.6808;0.6679;-0.1461
Sample;2021-06-28 13:50:36.6927;0.6683;-0.1461
Sample;2021-06-28 13:50:36.7107;0.6683;-0.1463
Sample;2021-06-28 13:50:36.7237;0.6690;-0.1466
Sample;2021-06-28 13:50:36.7356;0.6690;-0.1469
Sample;2021-06-28 13:50:36.7466;0.6686;-0.1472
Sample;2021-06-28 13:50:36.7629;0.6679;-0.1479
Sample;2021-06-28 13:50:36.7768;0.6677;-0.1483
Sample;2021-06-28 13:50:36.7918;0.6677;-0.1486
Sample;2021-06-28 13:50:36.8037;0.6675;-0.1490
Sample;2021-06-28 13:50:36.8297;0.6667;-0.1500
Sample;2021-06-28 13:50:36.8446;0.6664;-0.1503
Sample;2021-06-28 13:50:36.8586;0.6663;-0.1506
Sample;2021-06-28 13:50:36.8775;0.6662;-0.1499
Sample;2021-06-28 13:50:36.8915;0.6664;-0.1500
Sample;2021-06-28 13:50:36.9045;0.6663;-0.1499
Sample;2021-06-28 13:50:36.9164;0.6662;-0.1498
Sample;2021-06-28 13:50:36.9314;0.6659;-0.1499
Sample;2021-06-28 13:50:36.9424;0.6658;-0.1499
Sample;2021-06-28 13:50:36.9603;0.6656;-0.1499
Sample;2021-06-28 13:50:36.9738;0.6654;-0.1499
Sample;2021-06-28 13:50:36.9957;0.6654;-0.1499
Sample;2021-06-28 13:50:37.0077;0.6652;-0.1499
Sample;2021-06-28 13:50:37.0287;0.6647;-0.1490
Sample;2021-06-28 13:50:37.0436;0.6645;-0.1483
Sample;2021-06-28 13:50:37.0606;0.6638;-0.1464
Sample;2021-06-28 13:50:37.0730;0.6635;-0.1454
Sample;2021-06-28 13:50:37.0920;0.6625;-0.1427
Sample;2021-06-28 13:50:37.1039;0.6621;-0.1412
Sample;2021-06-28 13:50:37.1159;0.6615;-0.1394
Sample;2021-06-28 13:50:37.1329;0.6610;-0.1375
Sample;2021-06-28 13:50:37.1468;0.6597;-0.1336
Sample;2021-06-28 13:50:37.1648;0.6593;-0.1317
Sample;2021-06-28 13:50:37.1803;0.6584;-0.1293
Sample;2021-06-28 13:50:37.1942;0.6567;-0.1235
Sample;2021-06-28 13:50:37.2061;0.6558;-0.1206
Sample;2021-06-28 13:50:37.2271;0.6538;-0.1135
Sample;2021-06-28 13:50:37.2390;0.6528;-0.1096
Sample;2021-06-28 13:50:37.2520;0.6517;-0.1056
Sample;2021-06-28 13:50:37.2670;0.6493;-0.0975
Sample;2021-06-28 13:50:37.2799;0.6480;-0.0927
Sample;2021-06-28 13:50:37.2929;0.6468;-0.0881
Sample;2021-06-28 13:50:37.3039;0.6456;-0.0839
Sample;2021-06-28 13:50:37.3188;0.6444;-0.0787
Sample;2021-06-28 13:50:37.3278;0.6432;-0.0733
Sample;2021-06-28 13:50:37.3440;0.6409;-0.0622
Sample;2021-06-28 13:50:37.3570;0.6398;-0.0563
Sample;2021-06-28 13:50:37.3680;0.6389;-0.0508
Sample;2021-06-28 13:50:37.3800;0.6383;-0.0452
Sample;2021-06-28 13:50:37.4000;0.6377;-0.0397
Sample;2021-06-28 13:50:37.4104;0.6371;-0.0348
Sample;2021-06-28 13:50:37.4244;0.6363;-0.0260
Sample;2021-06-28 13:50:37.4344;0.6359;-0.0220
Sample;2021-06-28 13:50:37.4533;0.6358;-0.0188
Sample;2021-06-28 13:50:37.4703;0.6354;-0.0142
Sample;2021-06-28 13:50:37.4832;0.6354;-0.0129
Sample;2021-06-28 13:50:37.5012;0.6354;-0.0119
Sample;2021-06-28 13:50:37.5132;0.6357;-0.0114
Sample;2021-06-28 13:50:37.5281;0.6364;-0.0114
Sample;2021-06-28 13:50:37.5421;0.6365;-0.0125
Sample;2021-06-28 13:50:37.5600;0.6369;-0.0151
Sample;2021-06-28 13:50:37.5750;0.6371;-0.0174
Sample;2021-06-28 13:50:37.5870;0.6372;-0.0203
Sample;2021-06-28 13:50:37.6019;0.6374;-0.0255
Sample;2021-06-28 13:50:37.6169;0.6372;-0.0283
Sample;2021-06-28 13:50:37.6358;0.6370;-0.0313
Sample;2021-06-28 13:50:37.6488;0.6358;-0.0384
Sample;2021-06-28 13:50:37.6667;0.6351;-0.0421
Sample;2021-06-28 13:50:37.6797;0.6343;-0.0453
Sample;2021-06-28 13:50:37.6957;0.6322;-0.0523
Sample;2021-06-28 13:50:37.7086;0.6312;-0.0554
Sample;2021-06-28 13:50:37.7206;0.6301;-0.0588
Sample;2021-06-28 13:50:37.7376;0.6275;-0.0650
Sample;2021-06-28 13:50:37.7535;0.6262;-0.0681
Sample;2021-06-28 13:50:37.7655;0.6251;-0.0711
Sample;2021-06-28 13:50:37.7824;0.6229;-0.0765
Sample;2021-06-28 13:50:37.7974;0.6220;-0.0792
Sample;2021-06-28 13:50:37.8104;0.6211;-0.0816
Sample;2021-06-28 13:50:37.8343;0.6198;-0.0862
Sample;2021-06-28 13:50:37.8473;0.6192;-0.0886
Sample;2021-06-28 13:50:37.8632;0.6186;-0.0924
Sample;2021-06-28 13:50:37.8752;0.6181;-0.0943
Sample;2021-06-28 13:50:37.8951;0.6177;-0.0981
Sample;2021-06-28 13:50:37.9071;0.6173;-0.1003
Sample;2021-06-28 13:50:37.9231;0.6171;-0.1019
Sample;2021-06-28 13:50:37.9350;0.6168;-0.1036
Sample;2021-06-28 13:50:37.9500;0.6163;-0.1065
Sample;2021-06-28 13:50:37.9669;0.6161;-0.1082
Sample;2021-06-28 13:50:37.9789;0.6159;-0.1101
Sample;2021-06-28 13:50:37.9999;0.6161;-0.1139
Sample;2021-06-28 13:50:38.0148;0.6162;-0.1158
Sample;2021-06-28 13:50:38.0318;0.6176;-0.1202
Sample;2021-06-28 13:50:38.0447;0.6185;-0.1222
Sample;2021-06-28 13:50:38.0607;0.6212;-0.1262
Sample;2021-06-28 13:50:38.0737;0.6225;-0.1281
Sample;2021-06-28 13:50:38.0896;0.6240;-0.1299
Sample;2021-06-28 13:50:38.1016;0.6256;-0.1317
Sample;2021-06-28 13:50:38.1205;0.6287;-0.1354
Sample;2021-06-28 13:50:38.1325;0.6301;-0.1375
Sample;2021-06-28 13:50:38.1435;0.6315;-0.1398
Sample;2021-06-28 13:50:38.1694;0.6339;-0.1451
Sample;2021-06-28 13:50:38.1824;0.6351;-0.1476
Sample;2021-06-28 13:50:38.1993;0.6367;-0.1537
Sample;2021-06-28 13:50:38.2113;0.6376;-0.1567
Sample;2021-06-28 13:50:38.2243;0.6382;-0.1599
Sample;2021-06-28 13:50:38.2392;0.6392;-0.1663
Sample;2021-06-28 13:50:38.2522;0.6395;-0.1693
Sample;2021-06-28 13:50:38.2651;0.6399;-0.1723
Sample;2021-06-28 13:50:38.2776;0.6403;-0.1749
Sample;2021-06-28 13:50:38.2966;0.6410;-0.1802
Sample;2021-06-28 13:50:38.3085;0.6413;-0.1827
Sample;2021-06-28 13:50:38.3265;0.6415;-0.1853
Sample;2021-06-28 13:50:38.3404;0.6415;-0.1878
Sample;2021-06-28 13:50:38.3524;0.6414;-0.1924
Sample;2021-06-28 13:50:38.3643;0.6410;-0.1946
Sample;2021-06-28 13:50:38.3783;0.6407;-0.1969
Sample;2021-06-28 13:50:38.3903;0.6403;-0.1992
Sample;2021-06-28 13:50:38.4083;0.6395;-0.2039
Sample;2021-06-28 13:50:38.4252;0.6390;-0.2059
Sample;2021-06-28 13:50:38.4362;0.6383;-0.2077
Sample;2021-06-28 13:50:38.4532;0.6373;-0.2113
Sample;2021-06-28 13:50:38.4671;0.6367;-0.2126
Sample;2021-06-28 13:50:38.4861;0.6361;-0.2146
Sample;2021-06-28 13:50:38.5000;0.6351;-0.2176
Sample;2021-06-28 13:50:38.5120;0.6345;-0.2192
Sample;2021-06-28 13:50:38.5240;0.6343;-0.2206
Sample;2021-06-28 13:50:38.5419;0.6336;-0.2232
Sample;2021-06-28 13:50:38.5559;0.6337;-0.2246
Sample;2021-06-28 13:50:38.5679;0.6336;-0.2258
Sample;2021-06-28 13:50:38.5848;0.6333;-0.2273
Sample;2021-06-28 13:50:38.5998;0.6331;-0.2293
Sample;2021-06-28 13:50:38.6217;0.6329;-0.2304
Sample;2021-06-28 13:50:38.6327;0.6329;-0.2314
Sample;2021-06-28 13:50:38.6466;0.6316;-0.2335
Sample;2021-06-28 13:50:38.6636;0.6319;-0.2346
Sample;2021-06-28 13:50:38.6796;0.6317;-0.2364
Sample;2021-06-28 13:50:38.6925;0.6322;-0.2378
Sample;2021-06-28 13:50:38.7085;0.6319;-0.2411
Sample;2021-06-28 13:50:38.7214;0.6322;-0.2430
Sample;2021-06-28 13:50:38.7354;0.6319;-0.2448
Sample;2021-06-28 13:50:38.7504;0.6315;-0.2469
Sample;2021-06-28 13:50:38.7673;0.6313;-0.2506
Sample;2021-06-28 13:50:38.7838;0.6312;-0.2524
Sample;2021-06-28 13:50:38.7978;0.6307;-0.2541
Sample;2021-06-28 13:50:38.8107;0.6304;-0.2575
Sample;2021-06-28 13:50:38.8247;0.6305;-0.2590
Sample;2021-06-28 13:50:38.8416;0.6306;-0.2601
Sample;2021-06-28 13:50:38.8566;0.6312;-0.2622
Sample;2021-06-28 13:50:38.8686;0.6314;-0.2630
Sample;2021-06-28 13:50:38.8840;0.6315;-0.2634
Sample;2021-06-28 13:50:38.9020;0.6319;-0.2639
Sample;2021-06-28 13:50:38.9140;0.6320;-0.2641
Sample;2021-06-28 13:50:38.9259;0.6320;-0.2639
Sample;2021-06-28 13:50:38.9499;0.6318;-0.2641
Sample;2021-06-28 13:50:38.9658;0.6320;-0.2643
Sample;2021-06-28 13:50:38.9783;0.6320;-0.2650
Sample;2021-06-28 13:50:38.9913;0.6320;-0.2653
Sample;2021-06-28 13:50:39.0042;0.6322;-0.2659
Sample;2021-06-28 13:50:39.0172;0.6324;-0.2664
Sample;2021-06-28 13:50:39.0352;0.6331;-0.2675
Sample;2021-06-28 13:50:39.0511;0.6334;-0.2681
Sample;2021-06-28 13:50:39.0641;0.6337;-0.2686
Sample;2021-06-28 13:50:39.0865;0.6341;-0.2693
Sample;2021-06-28 13:50:39.1005;0.6343;-0.2695
Sample;2021-06-28 13:50:39.1154;0.6347;-0.2699
Sample;2021-06-28 13:50:39.1264;0.6350;-0.2702
Sample;2021-06-28 13:50:39.1444;0.6353;-0.2706
Sample;2021-06-28 13:50:39.1563;0.6355;-0.2707
Sample;2021-06-28 13:50:39.1723;0.6357;-0.2710
Sample;2021-06-28 13:50:39.1853;0.6357;-0.2713
Sample;2021-06-28 13:50:39.1997;0.6359;-0.2724
Sample;2021-06-28 13:50:39.2137;0.6361;-0.2726
Sample;2021-06-28 13:50:39.2267;0.6365;-0.2729
Sample;2021-06-28 13:50:39.2466;0.6367;-0.2728
Sample;2021-06-28 13:50:39.2606;0.6370;-0.2734
Sample;2021-06-28 13:50:39.2725;0.6370;-0.2741
Sample;2021-06-28 13:50:39.2905;0.6376;-0.2753
Sample;2021-06-28 13:50:39.3045;0.6377;-0.2764
Sample;2021-06-28 13:50:39.3174;0.6378;-0.2775
Sample;2021-06-28 13:50:39.3364;0.6378;-0.2786
Sample;2021-06-28 13:50:39.3536;0.6375;-0.2820
Sample;2021-06-28 13:50:39.3745;0.6374;-0.2835
Sample;2021-06-28 13:50:39.3875;0.6368;-0.2874
Sample;2021-06-28 13:50:39.4035;0.6362;-0.2911
Sample;2021-06-28 13:50:39.4244;0.6358;-0.2927
Sample;2021-06-28 13:50:39.4394;0.6349;-0.2956
Sample;2021-06-28 13:50:39.4513;0.6348;-0.2972
Sample;2021-06-28 13:50:39.4693;0.6350;-0.3007
Sample;2021-06-28 13:50:39.4813;0.6347;-0.3027
Sample;2021-06-28 13:50:39.4932;0.6349;-0.3051
Sample;2021-06-28 13:50:39.5082;0.6347;-0.3078
Sample;2021-06-28 13:50:39.5172;0.6343;-0.3107
Sample;2021-06-28 13:50:39.5391;0.6338;-0.3169
Sample;2021-06-28 13:50:39.5561;0.6338;-0.3199
Sample;2021-06-28 13:50:39.5690;0.6338;-0.3229
Sample;2021-06-28 13:50:39.5830;0.6340;-0.3286
Sample;2021-06-28 13:50:39.5950;0.6342;-0.3314
Sample;2021-06-28 13:50:39.6089;0.6342;-0.3341
Sample;2021-06-28 13:50:39.6219;0.6344;-0.3364
Sample;2021-06-28 13:50:39.6349;0.6344;-0.3408
Sample;2021-06-28 13:50:39.6478;0.6341;-0.3428
Sample;2021-06-28 13:50:39.6608;0.6339;-0.3449
Sample;2021-06-28 13:50:39.6738;0.6336;-0.3473
Sample;2021-06-28 13:50:39.6857;0.6334;-0.3493
Sample;2021-06-28 13:50:39.7097;0.6329;-0.3528
Sample;2021-06-28 13:50:39.7226;0.6329;-0.3547
Sample;2021-06-28 13:50:39.7406;0.6331;-0.3580
Sample;2021-06-28 13:50:39.7515;0.6333;-0.3595
Sample;2021-06-28 13:50:39.7625;0.6334;-0.3610
Sample;2021-06-28 13:50:39.7765;0.6336;-0.3623
Sample;2021-06-28 13:50:39.7874;0.6340;-0.3637
Sample;2021-06-28 13:50:39.8044;0.6345;-0.3659
Sample;2021-06-28 13:50:39.8184;0.6346;-0.3668
Sample;2021-06-28 13:50:39.8293;0.6347;-0.3679
Sample;2021-06-28 13:50:39.8423;0.6347;-0.3691
Sample;2021-06-28 13:50:39.8682;0.6342;-0.3707
Sample;2021-06-28 13:50:39.8872;0.6338;-0.3710
Sample;2021-06-28 13:50:39.8991;0.6328;-0.3704
Sample;2021-06-28 13:50:39.9161;0.6320;-0.3654
Sample;2021-06-28 13:50:39.9291;0.6319;-0.3612
Sample;2021-06-28 13:50:39.9410;0.6320;-0.3568
Sample;2021-06-28 13:50:39.9540;0.6324;-0.3500
Sample;2021-06-28 13:50:39.9710;0.6343;-0.3328
Sample;2021-06-28 13:50:39.9829;0.6351;-0.3238
Sample;2021-06-28 13:50:39.9969;0.6354;-0.3150
Sample;2021-06-28 13:50:40.0099;0.6354;-0.3045
Sample;2021-06-28 13:50:40.0278;0.6341;-0.2939
Sample;2021-06-28 13:50:40.0378;0.6315;-0.2739
Sample;2021-06-28 13:50:40.0527;0.6281;-0.2620
Sample;2021-06-28 13:50:40.0727;0.6228;-0.2425
Sample;2021-06-28 13:50:40.0866;0.6191;-0.2313
Sample;2021-06-28 13:50:40.0996;0.6155;-0.2198
Sample;2021-06-28 13:50:40.1116;0.6118;-0.2095
Sample;2021-06-28 13:50:40.1295;0.6045;-0.1858
Sample;2021-06-28 13:50:40.1405;0.6004;-0.1737
Sample;2021-06-28 13:50:40.1525;0.5963;-0.1616
Sample;2021-06-28 13:50:40.1654;0.5914;-0.1492
Sample;2021-06-28 13:50:40.1844;0.5814;-0.1246
Sample;2021-06-28 13:50:40.2033;0.5752;-0.1116
Sample;2021-06-28 13:50:40.2143;0.5694;-0.0984
Sample;2021-06-28 13:50:40.2303;0.5556;-0.0726
Sample;2021-06-28 13:50:40.2422;0.5487;-0.0598
Sample;2021-06-28 13:50:40.2562;0.5416;-0.0471
Sample;2021-06-28 13:50:40.2731;0.5264;-0.0222
Sample;2021-06-28 13:50:40.2841;0.5188;-0.0108
Sample;2021-06-28 13:50:40.2951;0.5113;0.0000
Sample;2021-06-28 13:50:40.3071;0.5039;0.0112
Sample;2021-06-28 13:50:40.3180;0.4973;0.0211
Sample;2021-06-28 13:50:40.3280;0.4906;0.0311
Sample;2021-06-28 13:50:40.3410;0.4841;0.0412
Sample;2021-06-28 13:50:40.3582;0.4779;0.0505
Sample;2021-06-28 13:50:40.3711;0.4715;0.0597
Sample;2021-06-28 13:50:40.3851;0.4600;0.0774
Sample;2021-06-28 13:50:40.3951;0.4546;0.0855
Sample;2021-06-28 13:50:40.4110;0.4498;0.0930
Sample;2021-06-28 13:50:40.4260;0.4446;0.1003
Sample;2021-06-28 13:50:40.4409;0.4362;0.1132
Sample;2021-06-28 13:50:40.4509;0.4319;0.1194
Sample;2021-06-28 13:50:40.4629;0.4283;0.1251
Sample;2021-06-28 13:50:40.4768;0.4245;0.1309
Sample;2021-06-28 13:50:40.4888;0.4208;0.1359
Sample;2021-06-28 13:50:40.5008;0.4174;0.1404
Sample;2021-06-28 13:50:40.5177;0.4105;0.1492
Sample;2021-06-28 13:50:40.5387;0.4068;0.1534
Sample;2021-06-28 13:50:40.5496;0.4026;0.1581
Sample;2021-06-28 13:50:40.5626;0.3918;0.1677
Sample;2021-06-28 13:50:40.5736;0.3860;0.1723
Sample;2021-06-28 13:50:40.5915;0.3784;0.1767
Sample;2021-06-28 13:50:40.6035;0.3700;0.1802
Sample;2021-06-28 13:50:40.6194;0.3537;0.1865
Sample;2021-06-28 13:50:40.6334;0.3457;0.1889
Sample;2021-06-28 13:50:40.6484;0.3380;0.1912
Sample;2021-06-28 13:50:40.6633;0.3224;0.1950
Sample;2021-06-28 13:50:40.6733;0.3149;0.1962
Sample;2021-06-28 13:50:40.6928;0.3080;0.1972
Sample;2021-06-28 13:50:40.7047;0.3009;0.1982
Sample;2021-06-28 13:50:40.7207;0.2879;0.2006
Sample;2021-06-28 13:50:40.7336;0.2814;0.2019
Sample;2021-06-28 13:50:40.7456;0.2750;0.2031
Sample;2021-06-28 13:50:40.7666;0.2630;0.2044
Sample;2021-06-28 13:50:40.7805;0.2572;0.2044
Sample;2021-06-28 13:50:40.7950;0.2518;0.2044
Sample;2021-06-28 13:50:40.8100;0.2418;0.2046
Sample;2021-06-28 13:50:40.8219;0.2372;0.2050
Sample;2021-06-28 13:50:40.8439;0.2334;0.2055
Sample;2021-06-28 13:50:40.8548;0.2269;0.2064
Sample;2021-06-28 13:50:40.8748;0.2247;0.2070
Sample;2021-06-28 13:50:40.8878;0.2233;0.2074
Sample;2021-06-28 13:50:40.9012;0.2216;0.2084
Sample;2021-06-28 13:50:40.9132;0.2217;0.2089
Sample;2021-06-28 13:50:40.9262;0.2223;0.2097
Sample;2021-06-28 13:50:40.9371;0.2234;0.2105
Sample;2021-06-28 13:50:40.9571;0.2258;0.2122
Sample;2021-06-28 13:50:40.9681;0.2273;0.2133
Sample;2021-06-28 13:50:40.9820;0.2286;0.2142
Sample;2021-06-28 13:50:40.9975;0.2303;0.2149
Sample;2021-06-28 13:50:41.0114;0.2338;0.2159
Sample;2021-06-28 13:50:41.0304;0.2353;0.2165
Sample;2021-06-28 13:50:41.0444;0.2369;0.2167
Sample;2021-06-28 13:50:41.0563;0.2395;0.2171
Sample;2021-06-28 13:50:41.0693;0.2404;0.2170
Sample;2021-06-28 13:50:41.0888;0.2408;0.2159
Sample;2021-06-28 13:50:41.1007;0.2420;0.2148
Sample;2021-06-28 13:50:41.1137;0.2426;0.2136
Sample;2021-06-28 13:50:41.1287;0.2428;0.2128
Sample;2021-06-28 13:50:41.1456;0.2428;0.2118
Sample;2021-06-28 13:50:41.1596;0.2429;0.2107
Sample;2021-06-28 13:50:41.1725;0.2429;0.2098
Sample;2021-06-28 13:50:41.1905;0.2421;0.2078
Sample;2021-06-28 13:50:41.2105;0.2416;0.2073
Sample;2021-06-28 13:50:41.2275;0.2409;0.2067
Sample;2021-06-28 13:50:41.2405;0.2388;0.2053
Sample;2021-06-28 13:50:41.2574;0.2363;0.2040
Sample;2021-06-28 13:50:41.2704;0.2353;0.2032
Sample;2021-06-28 13:50:41.2843;0.2344;0.2025
Sample;2021-06-28 13:50:41.3013;0.2334;0.2013
Sample;2021-06-28 13:50:41.3143;0.2332;0.2008
Sample;2021-06-28 13:50:41.3302;0.2333;0.2004
Sample;2021-06-28 13:50:41.3432;0.2329;0.2002
Sample;2021-06-28 13:50:41.3587;0.2318;0.1999
Sample;2021-06-28 13:50:41.3860;0.2306;0.1991
Sample;2021-06-28 13:50:41.3979;0.2300;0.1986
Sample;2021-06-28 13:50:41.4119;0.2287;0.1974
Sample;2021-06-28 13:50:41.4269;0.2283;0.1972
Sample;2021-06-28 13:50:41.4408;0.2276;0.1968
Sample;2021-06-28 13:50:41.4598;0.2262;0.1966
Sample;2021-06-28 13:50:41.4707;0.2253;0.1965
Sample;2021-06-28 13:50:41.4837;0.2243;0.1963
Sample;2021-06-28 13:50:41.4987;0.2233;0.1961
Sample;2021-06-28 13:50:41.5146;0.2212;0.1957
Sample;2021-06-28 13:50:41.5336;0.2201;0.1956
Sample;2021-06-28 13:50:41.5455;0.2189;0.1954
Sample;2021-06-28 13:50:41.5595;0.2165;0.1952
Sample;2021-06-28 13:50:41.5745;0.2151;0.1947
Sample;2021-06-28 13:50:41.5914;0.2127;0.1942
Sample;2021-06-28 13:50:41.6034;0.2115;0.1941
Sample;2021-06-28 13:50:41.6164;0.2101;0.1940
Sample;2021-06-28 13:50:41.6303;0.2088;0.1940
Sample;2021-06-28 13:50:41.6433;0.2074;0.1938
Sample;2021-06-28 13:50:41.6582;0.2047;0.1937
Sample;2021-06-28 13:50:41.6772;0.2033;0.1937
Sample;2021-06-28 13:50:41.6872;0.2016;0.1935
Sample;2021-06-28 13:50:41.7071;0.1983;0.1930
Sample;2021-06-28 13:50:41.7181;0.1968;0.1929
Sample;2021-06-28 13:50:41.7271;0.1951;0.1929
Sample;2021-06-28 13:50:41.7460;0.1918;0.1922
Sample;2021-06-28 13:50:41.7570;0.1902;0.1921
Sample;2021-06-28 13:50:41.7689;0.1885;0.1919
Sample;2021-06-28 13:50:41.7849;0.1872;0.1914
Sample;2021-06-28 13:50:41.7949;0.1857;0.1912
Sample;2021-06-28 13:50:41.8118;0.1828;0.1910
Sample;2021-06-28 13:50:41.8248;0.1812;0.1909
Sample;2021-06-28 13:50:41.8408;0.1798;0.1908
Sample;2021-06-28 13:50:41.8537;0.1785;0.1905
Sample;2021-06-28 13:50:41.8796;0.1757;0.1899
Sample;2021-06-28 13:50:41.8906;0.1744;0.1898
Sample;2021-06-28 13:50:41.9056;0.1719;0.1892
Sample;2021-06-28 13:50:41.9185;0.1707;0.1890
Sample;2021-06-28 13:50:41.9315;0.1695;0.1889
Sample;2021-06-28 13:50:41.9485;0.1670;0.1881
Sample;2021-06-28 13:50:41.9574;0.1655;0.1877
Sample;2021-06-28 13:50:41.9744;0.1637;0.1872
Sample;2021-06-28 13:50:41.9854;0.1617;0.1867
Sample;2021-06-28 13:50:41.9963;0.1595;0.1862
Sample;2021-06-28 13:50:42.0143;0.1529;0.1851
Sample;2021-06-28 13:50:42.0322;0.1491;0.1848
Sample;2021-06-28 13:50:42.0422;0.1438;0.1841
Sample;2021-06-28 13:50:42.0602;0.1334;0.1828
Sample;2021-06-28 13:50:42.0701;0.1270;0.1817
Sample;2021-06-28 13:50:42.0871;0.1204;0.1806
Sample;2021-06-28 13:50:42.0991;0.1132;0.1793
Sample;2021-06-28 13:50:42.1150;0.0977;0.1765
Sample;2021-06-28 13:50:42.1310;0.0894;0.1742
Sample;2021-06-28 13:50:42.1439;0.0808;0.1717
Sample;2021-06-28 13:50:42.1629;0.0642;0.1664
Sample;2021-06-28 13:50:42.1778;0.0562;0.1633
Sample;2021-06-28 13:50:42.1958;0.0487;0.1603
Sample;2021-06-28 13:50:42.2088;0.0345;0.1553
Sample;2021-06-28 13:50:42.2197;0.0282;0.1525
Sample;2021-06-28 13:50:42.2327;0.0216;0.1504
Sample;2021-06-28 13:50:42.2536;0.0090;0.1455
Sample;2021-06-28 13:50:42.2666;0.0032;0.1431
Sample;2021-06-28 13:50:42.2846;-0.0080;0.1389
Sample;2021-06-28 13:50:42.2965;-0.0131;0.1370
Sample;2021-06-28 13:50:42.3065;-0.0180;0.1353
Sample;2021-06-28 13:50:42.3165;-0.0229;0.1336
Sample;2021-06-28 13:50:42.3284;-0.0277;0.1319
Sample;2021-06-28 13:50:42.3384;-0.0321;0.1300
Sample;2021-06-28 13:50:42.3554;-0.0363;0.1286
Sample;2021-06-28 13:50:42.3697;-0.0401;0.1274
Sample;2021-06-28 13:50:42.3873;-0.0475;0.1245
Sample;2021-06-28 13:50:42.3984;-0.0504;0.1237
Sample;2021-06-28 13:50:42.4103;-0.0537;0.1226
Sample;2021-06-28 13:50:42.4223;-0.0563;0.1218
Sample;2021-06-28 13:50:42.4393;-0.0619;0.1203
Sample;2021-06-28 13:50:42.4512;-0.0645;0.1198
Sample;2021-06-28 13:50:42.4662;-0.0672;0.1193
Sample;2021-06-28 13:50:42.4782;-0.0699;0.1188
Sample;2021-06-28 13:50:42.4961;-0.0760;0.1172
Sample;2021-06-28 13:50:42.5101;-0.0794;0.1164
Sample;2021-06-28 13:50:42.5280;-0.0838;0.1154
Sample;2021-06-28 13:50:42.5420;-0.0878;0.1145
Sample;2021-06-28 13:50:42.5560;-0.0967;0.1119
Sample;2021-06-28 13:50:42.5679;-0.1014;0.1102
Sample;2021-06-28 13:50:42.5869;-0.1121;0.1064
Sample;2021-06-28 13:50:42.5998;-0.1184;0.1043
Sample;2021-06-28 13:50:42.6108;-0.1246;0.1022
Sample;2021-06-28 13:50:42.6238;-0.1312;0.0995
Sample;2021-06-28 13:50:42.6357;-0.1373;0.0965
Sample;2021-06-28 13:50:42.6527;-0.1491;0.0895
Sample;2021-06-28 13:50:42.6716;-0.1547;0.0863
Sample;2021-06-28 13:50:42.6826;-0.1603;0.0834
Sample;2021-06-28 13:50:42.7026;-0.1706;0.0781
Sample;2021-06-28 13:50:42.7155;-0.1758;0.0755
Sample;2021-06-28 13:50:42.7325;-0.1852;0.0703
Sample;2021-06-28 13:50:42.7435;-0.1892;0.0677
Sample;2021-06-28 13:50:42.7599;-0.1925;0.0652
Sample;2021-06-28 13:50:42.7709;-0.1959;0.0630
Sample;2021-06-28 13:50:42.7869;-0.2003;0.0606
Sample;2021-06-28 13:50:42.8008;-0.2023;0.0602
Sample;2021-06-28 13:50:42.8138;-0.2040;0.0599
Sample;2021-06-28 13:50:42.8337;-0.2070;0.0620
Sample;2021-06-28 13:50:42.8457;-0.2077;0.0631
Sample;2021-06-28 13:50:42.8632;-0.2085;0.0644
Sample;2021-06-28 13:50:42.8761;-0.2095;0.0668
Sample;2021-06-28 13:50:42.8921;-0.2101;0.0681
Sample;2021-06-28 13:50:42.9041;-0.2105;0.0694
Sample;2021-06-28 13:50:42.9190;-0.2117;0.0711
Sample;2021-06-28 13:50:42.9300;-0.2123;0.0716
Sample;2021-06-28 13:50:42.9410;-0.2128;0.0718
Sample;2021-06-28 13:50:42.9549;-0.2131;0.0717
Sample;2021-06-28 13:50:42.9694;-0.2134;0.0714
Sample;2021-06-28 13:50:42.9814;-0.2137;0.0712
Sample;2021-06-28 13:50:42.9993;-0.2145;0.0697
Sample;2021-06-28 13:50:43.0123;-0.2149;0.0689
Sample;2021-06-28 13:50:43.0382;-0.2151;0.0681
Sample;2021-06-28 13:50:43.0472;-0.2161;0.0666
Sample;2021-06-28 13:50:43.0637;-0.2164;0.0653
Sample;2021-06-28 13:50:43.0756;-0.2164;0.0648
Sample;2021-06-28 13:50:43.0916;-0.2169;0.0639
Sample;2021-06-28 13:50:43.1055;-0.2177;0.0632
Sample;2021-06-28 13:50:43.1225;-0.2186;0.0625
Sample;2021-06-28 13:50:43.1325;-0.2189;0.0621
Sample;2021-06-28 13:50:43.1464;-0.2188;0.0623
Sample;2021-06-28 13:50:43.1604;-0.2189;0.0621
Sample;2021-06-28 13:50:43.1754;-0.2189;0.0622
Sample;2021-06-28 13:50:43.1873;-0.2193;0.0619
Sample;2021-06-28 13:50:43.2073;-0.2193;0.0616
Sample;2021-06-28 13:50:43.2183;-0.2192;0.0614
Sample;2021-06-28 13:50:43.2333;-0.2192;0.0610
Sample;2021-06-28 13:50:43.2462;-0.2191;0.0608
Sample;2021-06-28 13:50:43.2612;-0.2190;0.0605
Sample;2021-06-28 13:50:43.2741;-0.2190;0.0603
Sample;2021-06-28 13:50:43.2891;-0.2190;0.0599
Sample;2021-06-28 13:50:43.3001;-0.2188;0.0598
Sample;2021-06-28 13:50:43.3130;-0.2185;0.0601
Sample;2021-06-28 13:50:43.3300;-0.2188;0.0604
Sample;2021-06-28 13:50:43.3460;-0.2186;0.0605
Sample;2021-06-28 13:50:43.3579;-0.2185;0.0608
Sample;2021-06-28 13:50:43.3789;-0.2184;0.0608
Sample;2021-06-28 13:50:43.4038;-0.2180;0.0609
Sample;2021-06-28 13:50:43.4218;-0.2174;0.0609
Sample;2021-06-28 13:50:43.4357;-0.2170;0.0608
Sample;2021-06-28 13:50:43.4497;-0.2167;0.0608
Sample;2021-06-28 13:50:43.4626;-0.2163;0.0610
Sample;2021-06-28 13:50:43.4796;-0.2147;0.0618
Sample;2021-06-28 13:50:43.5075;-0.2134;0.0621
Sample;2021-06-28 13:50:43.5265;-0.2121;0.0629
Sample;2021-06-28 13:50:43.5464;-0.2103;0.0642
Sample;2021-06-28 13:50:43.5654;-0.2085;0.0653
Sample;2021-06-28 13:50:43.5883;-0.2067;0.0668
Sample;2021-06-28 13:50:43.6112;-0.2043;0.0687
Sample;2021-06-28 13:50:43.6322;-0.2019;0.0708
Sample;2021-06-28 13:50:43.6581;-0.1994;0.0731
Sample;2021-06-28 13:50:43.6821;-0.1967;0.0757
Sample;2021-06-28 13:50:43.7020;-0.1944;0.0783
Sample;2021-06-28 13:50:43.7239;-0.1916;0.0807
Sample;2021-06-28 13:50:43.7558;-0.1883;0.0833
Sample;2021-06-28 13:50:43.7688;-0.1846;0.0866
Sample;2021-06-28 13:50:43.7897;-0.1806;0.0906
Sample;2021-06-28 13:50:43.8127;-0.1761;0.0950
Sample;2021-06-28 13:50:43.8356;-0.1715;0.0995
Sample;2021-06-28 13:50:43.8575;-0.1663;0.1040
Sample;2021-06-28 13:50:43.8825;-0.1602;0.1088
Sample;2021-06-28 13:50:43.9054;-0.1539;0.1133
Sample;2021-06-28 13:50:43.9244;-0.1471;0.1181
Sample;2021-06-28 13:50:43.9483;-0.1397;0.1237
Sample;2021-06-28 13:50:43.9707;-0.1327;0.1288
Sample;2021-06-28 13:50:43.9987;-0.1258;0.1338
Sample;2021-06-28 13:50:44.0226;-0.1194;0.1380
Sample;2021-06-28 13:50:44.0356;-0.1135;0.1416
Sample;2021-06-28 13:50:44.0575;-0.1084;0.1445
Sample;2021-06-28 13:50:44.0795;-0.1033;0.1469
Sample;2021-06-28 13:50:44.1034;-0.0988;0.1482
Sample;2021-06-28 13:50:44.1253;-0.0951;0.1492
Sample;2021-06-28 13:50:44.1493;-0.0920;0.1496
Sample;2021-06-28 13:50:44.1692;-0.0894;0.1499
Sample;2021-06-28 13:50:44.1931;-0.0869;0.1498
Sample;2021-06-28 13:50:44.2141;-0.0849;0.1499
Sample;2021-06-28 13:50:44.2380;-0.0845;0.1496
Sample;2021-06-28 13:50:44.2490;-0.0837;0.1495
Sample;2021-06-28 13:50:44.2610;-0.0831;0.1493
Sample;2021-06-28 13:50:44.2799;-0.0825;0.1492
Sample;2021-06-28 13:50:44.2899;-0.0821;0.1491
Sample;2021-06-28 13:50:44.3078;-0.0810;0.1491
Sample;2021-06-28 13:50:44.3208;-0.0807;0.1491
Sample;2021-06-28 13:50:44.3318;-0.0803;0.1491
Sample;2021-06-28 13:50:44.3487;-0.0793;0.1491
Sample;2021-06-28 13:50:44.3607;-0.0788;0.1490
Sample;2021-06-28 13:50:44.3721;-0.0782;0.1492
Sample;2021-06-28 13:50:44.3920;-0.0773;0.1495
Sample;2021-06-28 13:50:44.4060;-0.0760;0.1498
Sample;2021-06-28 13:50:44.4160;-0.0750;0.1504
Sample;2021-06-28 13:50:44.4289;-0.0738;0.1509
Sample;2021-06-28 13:50:44.4389;-0.0725;0.1516
Sample;2021-06-28 13:50:44.4509;-0.0713;0.1522
Sample;2021-06-28 13:50:44.4608;-0.0699;0.1529
Sample;2021-06-28 13:50:44.4748;-0.0684;0.1536
Sample;2021-06-28 13:50:44.4868;-0.0667;0.1543
Sample;2021-06-28 13:50:44.5007;-0.0652;0.1550
Sample;2021-06-28 13:50:44.5167;-0.0621;0.1566
Sample;2021-06-28 13:50:44.5376;-0.0608;0.1572
Sample;2021-06-28 13:50:44.5526;-0.0596;0.1576
Sample;2021-06-28 13:50:44.5626;-0.0569;0.1585
Sample;2021-06-28 13:50:44.5740;-0.0556;0.1588
Sample;2021-06-28 13:50:44.5850;-0.0543;0.1590
Sample;2021-06-28 13:50:44.5950;-0.0530;0.1591
Sample;2021-06-28 13:50:44.6060;-0.0519;0.1591
Sample;2021-06-28 13:50:44.6179;-0.0510;0.1590
Sample;2021-06-28 13:50:44.6279;-0.0499;0.1589
Sample;2021-06-28 13:50:44.6399;-0.0489;0.1586
Sample;2021-06-28 13:50:44.6528;-0.0479;0.1582
Sample;2021-06-28 13:50:44.6668;-0.0471;0.1579
Sample;2021-06-28 13:50:44.6783;-0.0463;0.1574
Sample;2021-06-28 13:50:44.6952;-0.0451;0.1563
Sample;2021-06-28 13:50:44.7112;-0.0449;0.1558
Sample;2021-06-28 13:50:44.7222;-0.0448;0.1553
Sample;2021-06-28 13:50:44.7471;-0.0461;0.1540
Sample;2021-06-28 13:50:44.7571;-0.0475;0.1535
Sample;2021-06-28 13:50:44.7725;-0.0505;0.1518
Sample;2021-06-28 13:50:44.7845;-0.0532;0.1505
Sample;2021-06-28 13:50:44.7975;-0.0561;0.1495
Sample;2021-06-28 13:50:44.8084;-0.0590;0.1483
Sample;2021-06-28 13:50:44.8234;-0.0622;0.1467
Sample;2021-06-28 13:50:44.8344;-0.0650;0.1449
Sample;2021-06-28 13:50:44.8473;-0.0678;0.1425
Sample;2021-06-28 13:50:44.8643;-0.0723;0.1374
Sample;2021-06-28 13:50:44.8783;-0.0740;0.1351
Sample;2021-06-28 13:50:44.8902;-0.0751;0.1322
Sample;2021-06-28 13:50:44.9062;-0.0770;0.1283
Sample;2021-06-28 13:50:44.9191;-0.0774;0.1259
Sample;2021-06-28 13:50:44.9311;-0.0780;0.1240
Sample;2021-06-28 13:50:44.9471;-0.0786;0.1224
Sample;2021-06-28 13:50:44.9600;-0.0788;0.1206
Sample;2021-06-28 13:50:44.9740;-0.0801;0.1178
Sample;2021-06-28 13:50:44.9939;-0.0810;0.1166
Sample;2021-06-28 13:50:45.0039;-0.0818;0.1152
Sample;2021-06-28 13:50:45.0209;-0.0840;0.1130
Sample;2021-06-28 13:50:45.0328;-0.0852;0.1120
Sample;2021-06-28 13:50:45.0448;-0.0864;0.1111
Sample;2021-06-28 13:50:45.0558;-0.0880;0.1105
Sample;2021-06-28 13:50:45.0737;-0.0907;0.1085
Sample;2021-06-28 13:50:45.0897;-0.0923;0.1078
Sample;2021-06-28 13:50:45.0997;-0.0939;0.1068
Sample;2021-06-28 13:50:45.1086;-0.0953;0.1061
Sample;2021-06-28 13:50:45.1236;-0.0966;0.1056
Sample;2021-06-28 13:50:45.1346;-0.0979;0.1051
Sample;2021-06-28 13:50:45.1465;-0.0993;0.1048
Sample;2021-06-28 13:50:45.1595;-0.1007;0.1048
Sample;2021-06-28 13:50:45.1755;-0.1034;0.1051
Sample;2021-06-28 13:50:45.1874;-0.1055;0.1053
Sample;2021-06-28 13:50:45.2034;-0.1079;0.1056
Sample;2021-06-28 13:50:45.2166;-0.1101;0.1062
Sample;2021-06-28 13:50:45.2335;-0.1181;0.1066
Sample;2021-06-28 13:50:45.2545;-0.1225;0.1060
Sample;2021-06-28 13:50:45.2694;-0.1340;0.1036
Sample;2021-06-28 13:50:45.2824;-0.1395;0.1018
Sample;2021-06-28 13:50:45.2954;-0.1459;0.0993
Sample;2021-06-28 13:50:45.3123;-0.1583;0.0923
Sample;2021-06-28 13:50:45.3243;-0.1649;0.0872
Sample;2021-06-28 13:50:45.3383;-0.1711;0.0829
Sample;2021-06-28 13:50:45.3512;-0.1773;0.0780
Sample;2021-06-28 13:50:45.3664;-0.1891;0.0681
Sample;2021-06-28 13:50:45.3834;-0.1947;0.0630
Sample;2021-06-28 13:50:45.3944;-0.2000;0.0581
Sample;2021-06-28 13:50:45.4139;-0.2092;0.0488
Sample;2021-06-28 13:50:45.4268;-0.2131;0.0445
Sample;2021-06-28 13:50:45.4398;-0.2164;0.0409
Sample;2021-06-28 13:50:45.4568;-0.2228;0.0335
Sample;2021-06-28 13:50:45.4677;-0.2251;0.0309
Sample;2021-06-28 13:50:45.4877;-0.2273;0.0284
Sample;2021-06-28 13:50:45.5036;-0.2296;0.0260
Sample;2021-06-28 13:50:45.5166;-0.2317;0.0236
Sample;2021-06-28 13:50:45.5336;-0.2333;0.0220
Sample;2021-06-28 13:50:45.5505;-0.2336;0.0221
Sample;2021-06-28 13:50:45.5635;-0.2341;0.0219
Sample;2021-06-28 13:50:45.5774;-0.2341;0.0234
Sample;2021-06-28 13:50:45.5914;-0.2343;0.0241
Sample;2021-06-28 13:50:45.6044;-0.2339;0.0252
Sample;2021-06-28 13:50:45.6183;-0.2334;0.0263
Sample;2021-06-28 13:50:45.6343;-0.2326;0.0282
Sample;2021-06-28 13:50:45.6453;-0.2319;0.0293
Sample;2021-06-28 13:50:45.6572;-0.2310;0.0303
Sample;2021-06-28 13:50:45.6722;-0.2304;0.0316
Sample;2021-06-28 13:50:45.6842;-0.2297;0.0329
Sample;2021-06-28 13:50:45.7041;-0.2290;0.0341
Sample;2021-06-28 13:50:45.7171;-0.2278;0.0360
Sample;2021-06-28 13:50:45.7290;-0.2273;0.0368
Sample;2021-06-28 13:50:45.7450;-0.2264;0.0380
Sample;2021-06-28 13:50:45.7600;-0.2261;0.0385
Sample;2021-06-28 13:50:45.7729;-0.2258;0.0388
Sample;2021-06-28 13:50:45.7859;-0.2255;0.0392
Sample;2021-06-28 13:50:45.8008;-0.2248;0.0395
Sample;2021-06-28 13:50:45.8138;-0.2246;0.0393
Sample;2021-06-28 13:50:45.8268;-0.2244;0.0391
Sample;2021-06-28 13:50:45.8517;-0.2241;0.0386
Sample;2021-06-28 13:50:45.8647;-0.2232;0.0377
Sample;2021-06-28 13:50:45.8816;-0.2241;0.0376
Sample;2021-06-28 13:50:45.8956;-0.2243;0.0375
Sample;2021-06-28 13:50:45.9175;-0.2249;0.0378
Sample;2021-06-28 13:50:45.9305;-0.2249;0.0376
Sample;2021-06-28 13:50:45.9474;-0.2243;0.0376
Sample;2021-06-28 13:50:45.9594;-0.2244;0.0376
Sample;2021-06-28 13:50:45.9734;-0.2243;0.0378
Sample;2021-06-28 13:50:45.9864;-0.2243;0.0380
Sample;2021-06-28 13:50:46.0173;-0.2242;0.0391
Sample;2021-06-28 13:50:46.0362;-0.2241;0.0399
Sample;2021-06-28 13:50:46.0582;-0.2240;0.0409
Sample;2021-06-28 13:50:46.0861;-0.2231;0.0413
Sample;2021-06-28 13:50:46.1050;-0.2224;0.0417
Sample;2021-06-28 13:50:46.1280;-0.2223;0.0416
Sample;2021-06-28 13:50:46.1509;-0.2222;0.0409
Sample;2021-06-28 13:50:46.1785;-0.2222;0.0400
Sample;2021-06-28 13:50:46.1934;-0.2220;0.0393
Sample;2021-06-28 13:50:46.2144;-0.2218;0.0391
Sample;2021-06-28 13:50:46.2393;-0.2218;0.0385
Sample;2021-06-28 13:50:46.2602;-0.2215;0.0383
Sample;2021-06-28 13:50:46.2862;-0.2203;0.0383
Sample;2021-06-28 13:50:46.3061;-0.2191;0.0381
Sample;2021-06-28 13:50:46.3330;-0.2179;0.0376
Sample;2021-06-28 13:50:46.3500;-0.2171;0.0373
Sample;2021-06-28 13:50:46.3726;-0.2162;0.0370
Sample;2021-06-28 13:50:46.3945;-0.2147;0.0373
Sample;2021-06-28 13:50:46.4235;-0.2129;0.0386
Sample;2021-06-28 13:50:46.4384;-0.2115;0.0401
Sample;2021-06-28 13:50:46.4594;-0.2101;0.0419
Sample;2021-06-28 13:50:46.4818;-0.2078;0.0440
Sample;2021-06-28 13:50:46.5038;-0.2057;0.0464
Sample;2021-06-28 13:50:46.5297;-0.2051;0.0492
Sample;2021-06-28 13:50:46.5506;-0.2046;0.0522
Sample;2021-06-28 13:50:46.5716;-0.2025;0.0559
Sample;2021-06-28 13:50:46.5935;-0.1996;0.0602
Sample;2021-06-28 13:50:46.6174;-0.1960;0.0654
Sample;2021-06-28 13:50:46.6394;-0.1934;0.0710
Sample;2021-06-28 13:50:46.6633;-0.1898;0.0775
Sample;2021-06-28 13:50:46.6913;-0.1843;0.0838
Sample;2021-06-28 13:50:46.7112;-0.1759;0.0920
Sample;2021-06-28 13:50:46.7291;-0.1671;0.1015
Sample;2021-06-28 13:50:46.7511;-0.1616;0.1075
Sample;2021-06-28 13:50:46.7621;-0.1560;0.1128
Sample;2021-06-28 13:50:46.7730;-0.1500;0.1181
Sample;2021-06-28 13:50:46.7840;-0.1437;0.1233
Sample;2021-06-28 13:50:46.7940;-0.1366;0.1290
Sample;2021-06-28 13:50:46.8089;-0.1292;0.1350
Sample;2021-06-28 13:50:46.8239;-0.1215;0.1403
Sample;2021-06-28 13:50:46.8379;-0.1062;0.1510
Sample;2021-06-28 13:50:46.8508;-0.0978;0.1557
Sample;2021-06-28 13:50:46.8618;-0.0889;0.1602
Sample;2021-06-28 13:50:46.8748;-0.0806;0.1642
Sample;2021-06-28 13:50:46.8847;-0.0713;0.1681
Sample;2021-06-28 13:50:46.9057;-0.0621;0.1716
Sample;2021-06-28 13:50:46.9157;-0.0534;0.1743
Sample;2021-06-28 13:50:46.9296;-0.0352;0.1803
Sample;2021-06-28 13:50:46.9416;-0.0264;0.1820
Sample;2021-06-28 13:50:46.9526;-0.0173;0.1844
Sample;2021-06-28 13:50:46.9625;-0.0079;0.1854
Sample;2021-06-28 13:50:46.9765;0.0013;0.1867
Sample;2021-06-28 13:50:46.9875;0.0104;0.1873
Sample;2021-06-28 13:50:46.9984;0.0195;0.1879
Sample;2021-06-28 13:50:47.0084;0.0285;0.1884
Sample;2021-06-28 13:50:47.0184;0.0369;0.1883
Sample;2021-06-28 13:50:47.0303;0.0451;0.1882
Sample;2021-06-28 13:50:47.0413;0.0530;0.1878
Sample;2021-06-28 13:50:47.0533;0.0605;0.1874
Sample;2021-06-28 13:50:47.0630;0.0681;0.1870
Sample;2021-06-28 13:50:47.0760;0.0758;0.1871
Sample;2021-06-28 13:50:47.0869;0.0827;0.1869
Sample;2021-06-28 13:50:47.0969;0.0893;0.1866
Sample;2021-06-28 13:50:47.1248;0.0963;0.1869
Sample;2021-06-28 13:50:47.1378;0.1073;0.1862
Sample;2021-06-28 13:50:47.1498;0.1126;0.1861
Sample;2021-06-28 13:50:47.1667;0.1212;0.1853
Sample;2021-06-28 13:50:47.1797;0.1256;0.1854
Sample;2021-06-28 13:50:47.1927;0.1289;0.1857
Sample;2021-06-28 13:50:47.2102;0.1347;0.1861
Sample;2021-06-28 13:50:47.2222;0.1372;0.1862
Sample;2021-06-28 13:50:47.2352;0.1395;0.1863
Sample;2021-06-28 13:50:47.2501;0.1418;0.1866
Sample;2021-06-28 13:50:47.2670;0.1457;0.1869
Sample;2021-06-28 13:50:47.2790;0.1479;0.1873
Sample;2021-06-28 13:50:47.2920;0.1503;0.1875
Sample;2021-06-28 13:50:47.3089;0.1557;0.1882
Sample;2021-06-28 13:50:47.3199;0.1587;0.1880
Sample;2021-06-28 13:50:47.3359;0.1619;0.1879
Sample;2021-06-28 13:50:47.3558;0.1652;0.1874
Sample;2021-06-28 13:50:47.3678;0.1725;0.1857
Sample;2021-06-28 13:50:47.3827;0.1762;0.1846
Sample;2021-06-28 13:50:47.3954;0.1803;0.1836
Sample;2021-06-28 13:50:47.4123;0.1878;0.1818
Sample;2021-06-28 13:50:47.4263;0.1914;0.1810
Sample;2021-06-28 13:50:47.4372;0.1950;0.1802
Sample;2021-06-28 13:50:47.4582;0.2021;0.1792
Sample;2021-06-28 13:50:47.4702;0.2057;0.1786
Sample;2021-06-28 13:50:47.4831;0.2091;0.1782
Sample;2021-06-28 13:50:47.5041;0.2153;0.1777
Sample;2021-06-28 13:50:47.5150;0.2180;0.1775
Sample;2021-06-28 13:50:47.5350;0.2223;0.1773
Sample;2021-06-28 13:50:47.5489;0.2239;0.1772
Sample;2021-06-28 13:50:47.5619;0.2253;0.1773
Sample;2021-06-28 13:50:47.5799;0.2270;0.1776
Sample;2021-06-28 13:50:47.6043;0.2272;0.1778
Sample;2021-06-28 13:50:47.6163;0.2272;0.1782
Sample;2021-06-28 13:50:47.6352;0.2254;0.1788
Sample;2021-06-28 13:50:47.6482;0.2241;0.1794
Sample;2021-06-28 13:50:47.6612;0.2229;0.1801
Sample;2021-06-28 13:50:47.6821;0.2197;0.1811
Sample;2021-06-28 13:50:47.6954;0.2184;0.1813
Sample;2021-06-28 13:50:47.7133;0.2153;0.1811
Sample;2021-06-28 13:50:47.7273;0.2141;0.1809
Sample;2021-06-28 13:50:47.7452;0.2130;0.1811
Sample;2021-06-28 13:50:47.7592;0.2119;0.1812
Sample;2021-06-28 13:50:47.7731;0.2100;0.1821
Sample;2021-06-28 13:50:47.7851;0.2090;0.1831
Sample;2021-06-28 13:50:47.8006;0.2074;0.1835
Sample;2021-06-28 13:50:47.8205;0.2072;0.1835
Sample;2021-06-28 13:50:47.8305;0.2074;0.1836
Sample;2021-06-28 13:50:47.8525;0.2081;0.1832
Sample;2021-06-28 13:50:47.8654;0.2083;0.1832
Sample;2021-06-28 13:50:47.8844;0.2089;0.1837
Sample;2021-06-28 13:50:47.8964;0.2089;0.1840
Sample;2021-06-28 13:50:47.9133;0.2096;0.1853
Sample;2021-06-28 13:50:47.9293;0.2098;0.1865
Sample;2021-06-28 13:50:47.9412;0.2100;0.1862
Sample;2021-06-28 13:50:47.9572;0.2106;0.1869
Sample;2021-06-28 13:50:47.9692;0.2109;0.1866
Sample;2021-06-28 13:50:47.9821;0.2115;0.1868
Sample;2021-06-28 13:50:47.9971;0.2116;0.1868
Sample;2021-06-28 13:50:48.0170;0.2120;0.1864
Sample;2021-06-28 13:50:48.0300;0.2120;0.1866
Sample;2021-06-28 13:50:48.0579;0.2118;0.1865
Sample;2021-06-28 13:50:48.0689;0.2117;0.1867
Sample;2021-06-28 13:50:48.0819;0.2117;0.1868
Sample;2021-06-28 13:50:48.0958;0.2118;0.1867
Sample;2021-06-28 13:50:48.1108;0.2118;0.1864
Sample;2021-06-28 13:50:48.1297;0.2119;0.1861
Sample;2021-06-28 13:50:48.1417;0.2120;0.1858
Sample;2021-06-28 13:50:48.1606;0.2124;0.1854
Sample;2021-06-28 13:50:48.1746;0.2128;0.1851
Sample;2021-06-28 13:50:48.1876;0.2131;0.1849
Sample;2021-06-28 13:50:48.2035;0.2139;0.1843
Sample;2021-06-28 13:50:48.2205;0.2145;0.1840
Sample;2021-06-28 13:50:48.2374;0.2155;0.1833
Sample;2021-06-28 13:50:48.2534;0.2162;0.1830
Sample;2021-06-28 13:50:48.2733;0.2168;0.1826
Sample;2021-06-28 13:50:48.2853;0.2180;0.1819
Sample;2021-06-28 13:50:48.3038;0.2185;0.1815
Sample;2021-06-28 13:50:48.3168;0.2196;0.1806
Sample;2021-06-28 13:50:48.3297;0.2200;0.1804
Sample;2021-06-28 13:50:48.3417;0.2205;0.1799
Sample;2021-06-28 13:50:48.3556;0.2210;0.1796
Sample;2021-06-28 13:50:48.3716;0.2216;0.1788
Sample;2021-06-28 13:50:48.3881;0.2221;0.1784
Sample;2021-06-28 13:50:48.4006;0.2225;0.1780
Sample;2021-06-28 13:50:48.4176;0.2235;0.1772
Sample;2021-06-28 13:50:48.4306;0.2239;0.1769
Sample;2021-06-28 13:50:48.4455;0.2242;0.1766
Sample;2021-06-28 13:50:48.4635;0.2249;0.1760
Sample;2021-06-28 13:50:48.4745;0.2251;0.1755
Sample;2021-06-28 13:50:48.4959;0.2253;0.1754
Sample;2021-06-28 13:50:48.5089;0.2260;0.1752
Sample;2021-06-28 13:50:48.5198;0.2262;0.1751
Sample;2021-06-28 13:50:48.5328;0.2264;0.1751
Sample;2021-06-28 13:50:48.5518;0.2266;0.1752
Sample;2021-06-28 13:50:48.5647;0.2267;0.1753
Sample;2021-06-28 13:50:48.5787;0.2268;0.1754
Sample;2021-06-28 13:50:48.5982;0.2266;0.1760
Sample;2021-06-28 13:50:48.6101;0.2264;0.1761
Sample;2021-06-28 13:50:48.6281;0.2255;0.1771
Sample;2021-06-28 13:50:48.6410;0.2252;0.1774
Sample;2021-06-28 13:50:48.6630;0.2245;0.1784
Sample;2021-06-28 13:50:48.6749;0.2235;0.1800
Sample;2021-06-28 13:50:48.6885;0.2230;0.1808
Sample;2021-06-28 13:50:48.7154;0.2224;0.1817
Sample;2021-06-28 13:50:48.7323;0.2224;0.1822
Sample;2021-06-28 13:50:48.7423;0.2229;0.1827
Sample;2021-06-28 13:50:48.7602;0.2240;0.1830
Sample;2021-06-28 13:50:48.7722;0.2245;0.1831
Sample;2021-06-28 13:50:48.7882;0.2252;0.1831
Sample;2021-06-28 13:50:48.7997;0.2262;0.1828
Sample;2021-06-28 13:50:48.8176;0.2280;0.1825
Sample;2021-06-28 13:50:48.8316;0.2291;0.1820
Sample;2021-06-28 13:50:48.8445;0.2299;0.1815
Sample;2021-06-28 13:50:48.8605;0.2306;0.1812
Sample;2021-06-28 13:50:48.8774;0.2322;0.1801
Sample;2021-06-28 13:50:48.8904;0.2328;0.1797
Sample;2021-06-28 13:50:48.9074;0.2337;0.1788
Sample;2021-06-28 13:50:48.9233;0.2336;0.1786
Sample;2021-06-28 13:50:48.9423;0.2333;0.1785
Sample;2021-06-28 13:50:48.9542;0.2317;0.1786
Sample;2021-06-28 13:50:48.9682;0.2302;0.1788
Sample;2021-06-28 13:50:48.9822;0.2270;0.1797
Sample;2021-06-28 13:50:48.9971;0.2195;0.1821
Sample;2021-06-28 13:50:49.0101;0.2147;0.1835
Sample;2021-06-28 13:50:49.0241;0.2075;0.1861
Sample;2021-06-28 13:50:49.0420;0.1922;0.1910
Sample;2021-06-28 13:50:49.0530;0.1825;0.1944
Sample;2021-06-28 13:50:49.0640;0.1725;0.1974
Sample;2021-06-28 13:50:49.0789;0.1622;0.2001
Sample;2021-06-28 13:50:49.0924;0.1515;0.2029
Sample;2021-06-28 13:50:49.1093;0.1305;0.2070
Sample;2021-06-28 13:50:49.1233;0.1199;0.2089
Sample;2021-06-28 13:50:49.1423;0.1093;0.2108
Sample;2021-06-28 13:50:49.1662;0.0889;0.2138
Sample;2021-06-28 13:50:49.1792;0.0678;0.2161
Sample;2021-06-28 13:50:49.1911;0.0577;0.2160
Sample;2021-06-28 13:50:49.2092;0.0369;0.2155
Sample;2021-06-28 13:50:49.2211;0.0270;0.2149
Sample;2021-06-28 13:50:49.2391;0.0180;0.2144
Sample;2021-06-28 13:50:49.2481;0.0098;0.2137
Sample;2021-06-28 13:50:49.2630;-0.0048;0.2125
Sample;2021-06-28 13:50:49.2750;-0.0112;0.2118
Sample;2021-06-28 13:50:49.2919;-0.0177;0.2111
Sample;2021-06-28 13:50:49.3029;-0.0230;0.2105
Sample;2021-06-28 13:50:49.3219;-0.0318;0.2091
Sample;2021-06-28 13:50:49.3378;-0.0360;0.2085
Sample;2021-06-28 13:50:49.3488;-0.0391;0.2084
Sample;2021-06-28 13:50:49.3667;-0.0447;0.2084
Sample;2021-06-28 13:50:49.3827;-0.0468;0.2081
Sample;2021-06-28 13:50:49.4023;-0.0489;0.2083
Sample;2021-06-28 13:50:49.4122;-0.0525;0.2079
Sample;2021-06-28 13:50:49.4262;-0.0537;0.2081
Sample;2021-06-28 13:50:49.4382;-0.0550;0.2083
Sample;2021-06-28 13:50:49.4571;-0.0567;0.2086
Sample;2021-06-28 13:50:49.4681;-0.0569;0.2092
Sample;2021-06-28 13:50:49.4821;-0.0571;0.2098
Sample;2021-06-28 13:50:49.4940;-0.0573;0.2100
Sample;2021-06-28 13:50:49.5110;-0.0583;0.2100
Sample;2021-06-28 13:50:49.5230;-0.0591;0.2096
Sample;2021-06-28 13:50:49.5339;-0.0602;0.2090
Sample;2021-06-28 13:50:49.5499;-0.0619;0.2079
Sample;2021-06-28 13:50:49.5618;-0.0638;0.2063
Sample;2021-06-28 13:50:49.5768;-0.0694;0.2018
Sample;2021-06-28 13:50:49.5908;-0.0721;0.1995
Sample;2021-06-28 13:50:49.6017;-0.0757;0.1964
Sample;2021-06-28 13:50:49.6207;-0.0794;0.1932
Sample;2021-06-28 13:50:49.6327;-0.0829;0.1904
Sample;2021-06-28 13:50:49.6476;-0.0911;0.1838
Sample;2021-06-28 13:50:49.6596;-0.0950;0.1806
Sample;2021-06-28 13:50:49.6725;-0.0989;0.1775
Sample;2021-06-28 13:50:49.6895;-0.1064;0.1711
Sample;2021-06-28 13:50:49.7035;-0.1098;0.1685
Sample;2021-06-28 13:50:49.7174;-0.1132;0.1659
Sample;2021-06-28 13:50:49.7304;-0.1163;0.1634
Sample;2021-06-28 13:50:49.7434;-0.1217;0.1595
Sample;2021-06-28 13:50:49.7563;-0.1245;0.1575
Sample;2021-06-28 13:50:49.7683;-0.1264;0.1561
Sample;2021-06-28 13:50:49.7823;-0.1281;0.1545
Sample;2021-06-28 13:50:49.7992;-0.1299;0.1533
Sample;2021-06-28 13:50:49.8192;-0.1327;0.1510
Sample;2021-06-28 13:50:49.8391;-0.1332;0.1504
Sample;2021-06-28 13:50:49.8531;-0.1347;0.1503
Sample;2021-06-28 13:50:49.8720;-0.1347;0.1516
Sample;2021-06-28 13:50:49.8850;-0.1347;0.1522
Sample;2021-06-28 13:50:49.9009;-0.1346;0.1538
Sample;2021-06-28 13:50:49.9149;-0.1341;0.1547
Sample;2021-06-28 13:50:49.9269;-0.1342;0.1555
Sample;2021-06-28 13:50:49.9398;-0.1340;0.1558
Sample;2021-06-28 13:50:49.9558;-0.1338;0.1561
Sample;2021-06-28 13:50:49.9688;-0.1335;0.1562
Sample;2021-06-28 13:50:49.9807;-0.1332;0.1563
Sample;2021-06-28 13:50:49.9937;-0.1328;0.1567
Sample;2021-06-28 13:50:50.0077;-0.1322;0.1570
Sample;2021-06-28 13:50:50.0206;-0.1316;0.1575
Sample;2021-06-28 13:50:50.0455;-0.1300;0.1587
Sample;2021-06-28 13:50:50.0595;-0.1293;0.1590
Sample;2021-06-28 13:50:50.0725;-0.1285;0.1594
Sample;2021-06-28 13:50:50.0864;-0.1279;0.1595
Sample;2021-06-28 13:50:50.0984;-0.1274;0.1596
Sample;2021-06-28 13:50:50.1134;-0.1263;0.1597
Sample;2021-06-28 13:50:50.1313;-0.1257;0.1598
Sample;2021-06-28 13:50:50.1443;-0.1252;0.1599
Sample;2021-06-28 13:50:50.1592;-0.1243;0.1601
Sample;2021-06-28 13:50:50.1732;-0.1239;0.1601
Sample;2021-06-28 13:50:50.1872;-0.1234;0.1602
Sample;2021-06-28 13:50:50.2021;-0.1227;0.1604
Sample;2021-06-28 13:50:50.2181;-0.1223;0.1605
Sample;2021-06-28 13:50:50.2301;-0.1216;0.1604
Sample;2021-06-28 13:50:50.2430;-0.1211;0.1605
Sample;2021-06-28 13:50:50.2600;-0.1200;0.1609
Sample;2021-06-28 13:50:50.2799;-0.1194;0.1613
Sample;2021-06-28 13:50:50.2919;-0.1187;0.1617
Sample;2021-06-28 13:50:50.3059;-0.1173;0.1627
Sample;2021-06-28 13:50:50.3188;-0.1165;0.1634
Sample;2021-06-28 13:50:50.3328;-0.1159;0.1640
Sample;2021-06-28 13:50:50.3497;-0.1147;0.1651
Sample;2021-06-28 13:50:50.3627;-0.1140;0.1656
Sample;2021-06-28 13:50:50.3737;-0.1132;0.1663
Sample;2021-06-28 13:50:50.3916;-0.1118;0.1679
Sample;2021-06-28 13:50:50.4035;-0.1110;0.1685
Sample;2021-06-28 13:50:50.4135;-0.1100;0.1693
Sample;2021-06-28 13:50:50.4264;-0.1088;0.1700
Sample;2021-06-28 13:50:50.4374;-0.1076;0.1711
Sample;2021-06-28 13:50:50.4474;-0.1063;0.1718
Sample;2021-06-28 13:50:50.4623;-0.1049;0.1729
Sample;2021-06-28 13:50:50.4733;-0.1034;0.1739
Sample;2021-06-28 13:50:50.5012;-0.1000;0.1763
Sample;2021-06-28 13:50:50.5122;-0.0978;0.1780
Sample;2021-06-28 13:50:50.5272;-0.0933;0.1810
Sample;2021-06-28 13:50:50.5382;-0.0908;0.1827
Sample;2021-06-28 13:50:50.5502;-0.0883;0.1844
Sample;2021-06-28 13:50:50.5622;-0.0855;0.1863
Sample;2021-06-28 13:50:50.5767;-0.0824;0.1883
Sample;2021-06-28 13:50:50.5903;-0.0793;0.1903
Sample;2021-06-28 13:50:50.6053;-0.0729;0.1941
Sample;2021-06-28 13:50:50.6183;-0.0696;0.1960
Sample;2021-06-28 13:50:50.6293;-0.0661;0.1979
Sample;2021-06-28 13:50:50.6413;-0.0626;0.1998
Sample;2021-06-28 13:50:50.6603;-0.0552;0.2037
Sample;2021-06-28 13:50:50.6713;-0.0512;0.2057
Sample;2021-06-28 13:50:50.6843;-0.0470;0.2077
Sample;2021-06-28 13:50:50.6968;-0.0427;0.2095
Sample;2021-06-28 13:50:50.7077;-0.0379;0.2117
Sample;2021-06-28 13:50:50.7207;-0.0330;0.2137
Sample;2021-06-28 13:50:50.7426;-0.0281;0.2158
Sample;2021-06-28 13:50:50.7526;-0.0160;0.2207
Sample;2021-06-28 13:50:50.7636;-0.0093;0.2233
Sample;2021-06-28 13:50:50.7746;-0.0026;0.2260
Sample;2021-06-28 13:50:50.7915;0.0053;0.2285
Sample;2021-06-28 13:50:50.8075;0.0203;0.2337
Sample;2021-06-28 13:50:50.8204;0.0282;0.2359
Sample;2021-06-28 13:50:50.8314;0.0366;0.2380
Sample;2021-06-28 13:50:50.8424;0.0449;0.2400
Sample;2021-06-28 13:50:50.8593;0.0631;0.2444
Sample;2021-06-28 13:50:50.8723;0.0724;0.2463
Sample;2021-06-28 13:50:50.8833;0.0817;0.2476
Sample;2021-06-28 13:50:50.8952;0.0906;0.2487
Sample;2021-06-28 13:50:50.9092;0.0991;0.2497
Sample;2021-06-28 13:50:50.9271;0.1144;0.2499
Sample;2021-06-28 13:50:50.9391;0.1213;0.2493
Sample;2021-06-28 13:50:50.9551;0.1272;0.2489
Sample;2021-06-28 13:50:50.9840;0.1384;0.2463
Sample;2021-06-28 13:50:50.9920;0.1435;0.2456
